tournamentId,matchNum,teamId,playerName,DBNOs,assists,damageDealt,kills,longestKill,revives,timeSurvived
1,1,15,Sharkologia,0,0,64.09825,0,0.0,0,303
1,1,10,60M_6EP,2,2,585.07367,3,150.23242,0,1529
1,1,5,RoninKraken1703,1,0,0.0,0,0.0,2,1290
1,1,7,dallas1995,0,0,125.56793,0,0.0,0,647
1,1,13,kickmehorse,0,0,131.40784,1,2.4042985,1,201
1,1,14,KeyLanaBanana,1,0,77.4,0,0.0,0,1056
1,1,2,hiles8,3,1,323.1864,2,308.06036,0,1611
1,1,2,TesSsarion,0,1,235.68144,0,0.0,0,1607
1,1,19,kotee228,2,2,404.70804,3,40.705788,2,1229
1,1,4,rdFelixArgyle,0,0,0.0,0,0.0,0,808
1,1,14,NE_SOLI,0,0,112.2,0,0.0,0,1031
1,1,7,kingilyaa,0,0,0.0,0,0.0,0,638
1,1,12,wisdm,0,0,104.64793,0,0.0,0,740
1,1,3,TonyKotana,0,0,111.798935,0,0.0,0,1389
1,1,18,jona_____,2,0,281.3475,2,88.14669,0,1155
1,1,4,GazBro27,0,0,0.0,0,0.0,0,808
1,1,10,ssantt1,1,1,245.41577,0,0.0,0,1526
1,1,18,SKUFFYDOO,0,1,45.717796,0,0.0,1,1133
1,1,9,Frolish,0,0,0.0,0,0.0,0,135
1,1,9,cniiinw1221,0,0,0.0,0,0.0,0,107
1,1,17,naleitechai,0,0,0.0,0,0.0,0,329
1,1,6,TWITCH-MAYBECH_,5,0,583.90454,4,223.51913,0,1391
1,1,16,Takumiha,0,0,36.76538,0,0.0,0,299
1,1,8,ShugarDaddy554,0,0,0.0,0,0.0,0,1027
1,1,11,DED_B_O6ED,2,0,267.0,3,27.908045,0,1297
1,1,17,Platochek46,5,2,694.72046,8,304.3849,1,1761
1,1,1,MovingAVG,1,0,149.18881,1,54.861797,1,1645
1,1,6,Temka_001,0,1,131.7204,0,0.0,0,1007
1,1,14,S_trannik,1,0,0.0,0,0.0,2,993
1,1,17,LOPRIK,0,0,0.0,0,0.0,1,384
1,1,5,ArtLaw,2,0,275.19717,2,182.27051,0,1273
1,1,12,Satamet,2,0,233.08708,0,0.0,0,777
1,1,1,midasVeno,0,0,27.955982,0,0.0,0,1122
1,1,10,ygort123,5,1,594.0638,5,178.8754,1,1758
1,1,19,UEBANISCHE,2,0,96.154076,2,187.7917,0,1229
1,1,9,bakashiniji,0,0,0.0,0,0.0,0,112
1,1,4,SHOULD_YT-_-,0,0,0.0,0,0.0,0,808
1,1,13,Zizokko,0,1,0.0,0,0.0,0,197
1,1,11,Akitsyokai,0,0,0.0,0,0.0,0,1299
1,1,7,QeJimp,2,0,343.04486,0,0.0,0,647
1,1,15,poloz0k,3,0,308.43146,2,5.9682813,0,424
1,1,4,Ththth1020,0,0,0.0,0,0.0,0,808
1,1,3,Abq_elitetv,0,1,337.16968,1,165.44196,0,1369
1,1,16,Ex_He_3a6aHuJlo,0,2,294.3743,0,0.0,0,1306
1,1,16,NONAME_RD7939,3,0,260.25082,4,122.1777,0,1332
1,1,12,TBJpro,0,0,41.062263,0,0.0,0,801
1,1,8,mr-Bot2010,1,0,203.74432,1,176.7193,0,1027
1,1,11,Pure_Sosop,0,0,129.14833,0,0.0,0,1303
1,1,15,SadnesSxWeaknesS,1,0,51.6,0,0.0,0,382
1,1,17,ponyash,3,3,873.6795,8,226.69894,0,1761
1,1,1,Ps1h_,0,0,177.49081,0,0.0,0,1217
1,1,2,OleganPNZ,0,0,199.417,1,427.58875,0,1468
1,1,6,bogatir,1,0,321.74097,1,95.51075,1,745
1,1,18,Zoovoo_,0,0,291.83795,0,0.0,2,1126
1,1,8,Sharuse,0,0,67.108,1,194.45648,0,933
1,1,15,LaNIPUBG,1,0,66.968544,0,0.0,1,416
1,1,12,SsSoyer,2,0,175.0,1,6.9655232,0,1048
1,1,3,BaH9_kpytou,1,0,328.71338,1,179.27574,1,1386
1,1,18,HS_ZiP666,0,0,291.63464,1,168.18724,0,1172
1,1,14,50max,2,0,130.56,0,0.0,0,1056
1,1,11,kAkASHi_KONCH,0,0,10.968012,1,18.960917,0,1315
1,1,19,LowParadox,1,1,247.06508,0,0.0,0,1229
1,1,9,Rocketq_q,2,0,116.25281,0,0.0,0,161
1,1,2,RaiVer59,0,0,0.0,0,0.0,0,1439
1,1,5,Kiyot7ka,0,0,430.0504,0,0.0,0,1448
1,1,13,LawrenceCraft,0,1,0.0,0,0.0,0,208
1,1,13,Salvador007,3,0,300.0,3,4.357563,1,202
1,2,15,SadnesSxWeaknesS,0,0,21.6,0,0.0,0,525
1,2,4,GazBro27,2,2,347.1403,3,217.3884,0,1674
1,2,9,bakashiniji,1,0,114.06,0,0.0,0,931
1,2,5,RoninKraken1703,0,0,0.0,0,0.0,0,956
1,2,16,NONAME_RD7939,0,0,164.0305,0,0.0,0,1034
1,2,1,midasVeno,0,0,0.0,0,0.0,0,672
1,2,12,SsSoyer,0,0,42.713104,1,82.14628,1,1346
1,2,3,TonyKotana,0,1,154.44151,0,0.0,0,1148
1,2,13,Zizokko,0,0,31.012377,0,0.0,0,1095
1,2,16,Takumiha,0,0,76.54,0,0.0,1,1034
1,2,8,ShugarDaddy554,0,0,0.0,0,0.0,0,650
1,2,2,OleganPNZ,2,0,234.61224,2,26.270418,0,1305
1,2,10,60M_6EP,0,1,237.20108,0,0.0,0,1508
1,2,18,Zoovoo_,1,0,103.000015,1,12.655008,1,511
1,2,9,cniiinw1221,0,0,41.579994,0,0.0,0,941
1,2,5,ArtLaw,2,1,541.83044,4,309.00848,0,1507
1,2,1,Teaplease_,0,0,0.0,0,0.0,0,765
1,2,17,Platochek46,2,1,112.6425,1,42.666874,1,1082
1,2,6,TWITCH-MAYBECH_,1,0,113.839874,1,63.753674,0,894
1,2,19,LowParadox,0,2,139.27942,0,0.0,0,1052
1,2,8,mr-Bot2010,1,0,100.0,1,35.841236,0,625
1,2,3,BaH9_kpytou,1,0,142.01663,1,75.71195,1,1187
1,2,13,kickmehorse,0,0,55.505405,0,0.0,0,1161
1,2,11,Akitsyokai,2,3,583.2726,1,80.95671,2,1786
1,2,17,LOPRIK,1,1,171.92981,1,11.304266,2,1107
1,2,18,jona_____,0,0,10.8,0,0.0,0,144
1,2,14,NE_SOLI,0,0,0.0,0,0.0,0,1243
1,2,19,kotee228,7,0,615.9531,4,282.246,0,1114
1,2,12,TBJpro,2,1,310.496,1,30.3547,1,1424
1,2,7,dallas1995,1,1,112.05082,0,0.0,0,523
1,2,7,kingilyaa,0,1,76.69466,0,0.0,0,523
1,2,4,Ththth1020,4,1,475.64664,2,192.36293,1,1646
1,2,12,Satamet,3,1,390.66055,4,53.134884,0,1339
1,2,18,HS_ZiP666,3,0,500.64938,3,30.237316,0,1035
1,2,13,LawrenceCraft,0,0,141.70207,0,0.0,0,1166
1,2,5,Kiyot7ka,1,0,99.99999,0,0.0,0,953
1,2,9,Frolish,2,0,263.25238,0,0.0,0,927
1,2,8,Sharuse,1,0,88.80211,1,25.316858,0,655
1,2,2,RaiVer59,1,1,244.29967,1,28.85321,4,1303
1,2,12,wisdm,2,2,369.363,0,0.0,0,1396
1,2,14,S_trannik,0,0,123.686195,0,0.0,0,1252
1,2,9,Rocketq_q,1,0,135.0,0,0.0,0,976
1,2,16,Ex_He_3a6aHuJlo,1,0,189.97751,1,1.6533475,1,1034
1,2,11,kAkASHi_KONCH,0,0,0.0,0,0.0,0,784
1,2,6,Temka_001,1,0,100.00001,0,0.0,0,894
1,2,1,MovingAVG,0,0,0.0,0,0.0,0,1193
1,2,11,DED_B_O6ED,3,0,370.82065,3,251.6201,1,1795
1,2,11,Pure_Sosop,3,2,431.06308,3,390.068,0,1795
1,2,17,ponyash,1,0,207.745,2,19.71912,0,1359
1,2,7,QeJimp,2,0,151.62534,2,14.599129,0,523
1,2,18,SKUFFYDOO,0,0,23.438457,0,0.0,0,479
1,2,14,50max,0,0,47.843002,0,0.0,1,1274
1,2,19,UEBANISCHE,2,0,157.833,1,14.885501,1,1118
1,2,15,Sharkologia,0,1,211.0657,1,8.677249,0,1149
1,2,17,naleitechai,0,1,107.715,0,0.0,1,1121
1,2,6,bogatir,2,0,249.99875,0,0.0,1,894
1,2,4,rdFelixArgyle,1,2,27.598886,1,170.87466,2,1528
1,2,13,Salvador007,0,0,48.934784,0,0.0,0,1166
1,2,2,TesSsarion,2,2,426.97168,1,12.486398,0,1360
1,2,1,Ps1h_,0,0,0.0,0,0.0,0,718
1,2,3,Abq_elitetv,0,1,0.0,0,0.0,0,1142
1,2,10,ssantt1,3,0,369.4322,4,229.30505,0,1792
1,2,15,poloz0k,2,0,187.59453,2,62.101566,0,1152
1,2,4,SHOULD_YT-_-,1,0,352.88074,3,33.95781,2,1638
1,2,14,KeyLanaBanana,0,0,0.0,0,0.0,0,1260
1,2,2,hiles8,2,1,224.7727,3,28.4607,1,1178
1,2,15,LaNIPUBG,0,0,0.0,0,0.0,0,621
1,2,3,Lirachka,0,0,0.0,0,0.0,0,1082
1,2,10,ygort123,1,0,242.69681,0,0.0,0,1108
1,3,18,Zoovoo_,0,0,66.66968,0,0.0,0,1146
1,3,17,LOPRIK,3,1,449.0366,4,154.54114,1,1361
1,3,11,Akitsyokai,1,1,130.52829,1,201.30623,0,1476
1,3,13,Zizokko,0,0,67.35,0,0.0,0,181
1,3,13,kickmehorse,0,0,69.299995,0,0.0,0,181
1,3,3,Abq_elitetv,0,0,0.0,0,0.0,0,357
1,3,15,Sharkologia,0,0,133.56639,0,0.0,1,415
1,3,6,bogatir,2,1,173.51,0,0.0,1,958
1,3,10,60M_6EP,3,1,320.7626,1,22.713266,0,995
1,3,12,wisdm,0,1,89.579994,0,0.0,0,1302
1,3,4,GazBro27,1,2,98.53653,1,68.63999,0,1721
1,3,17,naleitechai,0,0,100.0,1,6.572963,0,616
1,3,19,UEBANISCHE,2,2,212.22415,0,0.0,1,1354
1,3,5,ArtLaw,2,0,157.54802,1,3.616543,1,932
1,3,10,ygort123,2,0,253.26152,0,0.0,0,439
1,3,8,mr-Bot2010,1,0,0.0,0,0.0,0,699
1,3,17,Platochek46,2,1,301.54178,2,25.49168,0,1362
1,3,16,NONAME_RD7939,1,1,147.355,0,0.0,0,1153
1,3,11,kAkASHi_KONCH,3,1,448.61215,3,186.30342,1,1485
1,3,15,LaNIPUBG,1,0,188.48523,0,0.0,1,469
1,3,4,Ththth1020,1,2,316.49963,1,7.6084337,2,1721
1,3,19,LowParadox,0,1,236.80956,0,0.0,1,1468
1,3,1,Teaplease_,1,0,75.0,0,0.0,0,1111
1,3,14,KeyLanaBanana,1,0,0.0,0,0.0,0,252
1,3,7,kingilyaa,1,0,334.13614,1,81.92264,0,1442
1,3,17,ponyash,0,2,291.89832,0,0.0,1,1362
1,3,5,Kiyot7ka,1,0,128.35,0,0.0,0,813
1,3,1,MovingAVG,1,0,0.0,0,0.0,0,1326
1,3,2,RaiVer59,0,0,0.0,0,0.0,0,117
1,3,14,50max,0,0,0.0,0,0.0,1,221
1,3,3,TonyKotana,0,0,0.0,0,0.0,0,357
1,3,15,poloz0k,1,0,198.73,0,0.0,0,489
1,3,4,SHOULD_YT-_-,5,2,857.12146,7,85.178955,0,1721
1,3,1,Ps1h_,0,0,0.0,0,0.0,0,1129
1,3,2,OleganPNZ,0,0,51.33712,0,0.0,0,953
1,3,7,dallas1995,2,2,310.34818,1,10.752059,1,1442
1,3,8,Sharuse,0,1,61.92,0,0.0,0,650
1,3,18,jona_____,0,0,89.72893,0,0.0,0,1146
1,3,9,Rocketq_q,0,1,147.82224,1,218.46584,0,721
1,3,3,BaH9_kpytou,1,0,0.0,0,0.0,0,357
1,3,8,ShugarDaddy554,1,0,38.08,1,2.345729,0,802
1,3,7,QeJimp,2,0,424.2033,2,32.55463,0,1442
1,3,11,DED_B_O6ED,1,0,68.51057,0,0.0,0,1456
1,3,11,Pure_Sosop,4,0,479.61273,4,56.670753,0,1485
1,3,1,midasVeno,0,0,0.0,0,0.0,1,1129
1,3,15,SadnesSxWeaknesS,2,0,146.11476,1,18.55446,1,1036
1,3,4,rdFelixArgyle,2,1,232.55463,1,47.493484,0,1721
1,3,3,Lirachka,0,0,0.0,0,0.0,0,357
1,3,18,HS_ZiP666,0,0,100.04432,0,0.0,0,1108
1,3,6,TWITCH-MAYBECH_,4,1,477.93805,2,43.925217,0,958
1,3,5,RoninKraken1703,2,0,300.4925,0,0.0,2,932
1,3,16,Ex_He_3a6aHuJlo,7,0,807.6465,8,65.81919,3,1718
1,3,10,ssantt1,2,0,187.82518,0,0.0,0,527
1,3,14,NE_SOLI,0,0,0.0,0,0.0,0,231
1,3,12,SsSoyer,0,0,47.209717,1,210.91553,1,1293
1,3,9,bakashiniji,0,0,94.44632,0,0.0,0,933
1,3,13,Salvador007,0,0,0.0,0,0.0,0,181
1,3,13,LawrenceCraft,0,0,0.0,0,0.0,0,181
1,3,12,TBJpro,1,1,42.91767,1,94.57904,0,1279
1,3,6,Temka_001,0,0,19.35,0,0.0,1,958
1,3,6,vbunkere67,1,0,174.51651,1,49.76735,1,480
1,3,19,kotee228,2,0,391.2584,1,8.470675,0,1470
1,3,16,Takumiha,0,0,261.32428,2,13.451749,5,1718
1,3,9,cniiinw1221,0,0,56.047497,0,0.0,1,555
1,3,9,Frolish,3,0,273.06915,2,33.89375,5,901
1,3,2,hiles8,2,0,183.33508,0,0.0,0,905
1,3,2,TesSsarion,3,0,316.4,2,5.692943,0,959
1,3,14,S_trannik,0,0,0.0,0,0.0,0,1679
1,3,12,Satamet,3,2,318.38904,3,88.29953,0,1302
1,4,1,MovingAVG,2,0,200.0,1,9.119046,0,545
1,4,18,Zoovoo_,2,2,358.72318,1,190.35773,0,1323
1,4,16,Takumiha,0,0,0.0,0,0.0,0,1035
1,4,3,Abq_elitetv,1,0,45.98987,1,153.00525,1,1176
1,4,17,ponyash,4,0,390.60733,2,37.45754,0,780
1,4,9,bakashiniji,3,1,528.2875,2,368.29956,0,1707
1,4,13,Salvador007,1,0,218.61572,0,0.0,0,825
1,4,6,TWITCH-MAYBECH_,1,1,98.53046,1,60.959747,0,1200
1,4,7,QeJimp,0,0,81.69163,0,0.0,0,126
1,4,4,GazBro27,2,0,161.28925,2,14.155896,0,966
1,4,17,LOPRIK,1,0,121.69442,0,0.0,0,648
1,4,12,wisdm,0,1,196.04214,1,167.62819,0,1408
1,4,9,cniiinw1221,1,0,422.07764,3,259.8008,0,1658
1,4,1,Ps1h_,1,0,100.0,0,0.0,0,308
1,4,2,KyRench,1,2,259.1946,0,0.0,1,1330
1,4,10,ygort123,4,0,443.09985,5,176.45416,0,1473
1,4,10,60M_6EP,2,3,734.231,1,41.155357,1,1354
1,4,4,SHOULD_YT-_-,1,0,217.64896,0,0.0,0,1575
1,4,16,Ex_He_3a6aHuJlo,1,1,246.27643,1,24.083384,2,1279
1,4,8,mr-Bot2010,1,0,241.95729,0,0.0,0,494
1,4,8,ShugarDaddy554,0,0,91.799995,0,0.0,0,441
1,4,12,TBJpro,2,1,380.57892,2,88.09134,0,1372
1,4,2,RaiVer59,0,0,0.0,0,0.0,0,995
1,4,6,bogatir,0,1,182.36012,1,18.429274,3,1169
1,4,7,dallas1995,1,0,100.0,0,0.0,0,124
1,4,5,Kiyot7ka,1,1,191.86,1,68.891014,0,1181
1,4,4,Ththth1020,0,1,25.8,0,0.0,0,970
1,4,17,Platochek46,0,0,0.0,0,0.0,0,557
1,4,16,NONAME_RD7939,2,1,130.46442,1,4.9498096,0,1040
1,4,15,LaNIPUBG,5,0,812.6465,6,154.35052,0,1420
1,4,5,ArtLaw,1,1,197.97276,0,0.0,0,1128
1,4,11,Akitsyokai,0,0,0.0,0,0.0,0,120
1,4,14,S_trannik,0,0,180.80815,0,0.0,0,1032
1,4,6,Temka_001,5,1,473.64575,5,324.61136,1,1131
1,4,15,poloz0k,0,0,0.0,0,0.0,0,538
1,4,5,Amlaith,2,1,288.63202,0,0.0,0,1181
1,4,9,Rocketq_q,0,0,29.04,0,0.0,0,877
1,4,8,Sharuse,0,0,0.0,0,0.0,0,448
1,4,17,naleitechai,0,1,67.67999,0,0.0,0,671
1,4,12,Satamet,3,0,615.0244,3,115.12998,1,1710
1,4,19,LowParadox,0,0,0.0,0,0.0,0,1134
1,4,4,rdFelixArgyle,1,0,100.0,0,0.0,1,974
1,4,19,kotee228,0,0,0.0,0,0.0,0,287
1,4,11,DED_B_O6ED,1,1,378.06647,6,318.06873,3,1691
1,4,3,TonyKotana,0,0,280.70956,1,162.69527,0,1273
1,4,15,Sharkologia,0,0,0.0,0,0.0,0,1025
1,4,1,Teaplease_,0,0,0.0,0,0.0,0,291
1,4,7,kingilyaa,1,0,94.0,0,0.0,0,1529
1,4,5,RoninKraken1703,0,0,0.0,0,0.0,0,1128
1,4,18,jona_____,3,1,302.6098,0,0.0,1,1630
1,4,12,SsSoyer,3,3,815.9425,6,135.16278,3,1710
1,4,2,TesSsarion,0,0,0.0,0,0.0,0,1039
1,4,13,LawrenceCraft,1,0,38.838238,0,0.0,0,763
1,4,15,SadnesSxWeaknesS,0,0,0.0,0,0.0,1,1060
1,4,10,ssantt1,1,1,440.03613,2,15.141448,4,1473
1,4,18,HS_ZiP666,4,2,611.74036,2,187.6979,1,1630
1,4,3,BaH9_kpytou,0,0,214.10966,1,127.194725,0,682
1,4,9,Frolish,5,3,425.9265,0,0.0,4,1683
1,4,13,kickmehorse,0,0,0.0,0,0.0,0,110
1,4,3,Lirachka,0,0,24.6,0,0.0,0,623
1,4,2,hiles8,3,0,393.78464,2,5.5286603,0,1297
1,4,14,50max,0,0,31.11624,0,0.0,0,1037
1,4,14,NE_SOLI,1,0,112.97192,0,0.0,0,1043
1,4,13,Zizokko,0,0,0.0,0,0.0,0,103
1,4,6,vbunkere67,1,2,251.7153,1,8.092223,0,1125
1,4,1,midasVeno,0,0,0.0,0,0.0,0,305
1,4,11,kAkASHi_KONCH,1,1,20.600002,1,3.8291001,2,1271
1,4,11,Pure_Sosop,1,0,23.07929,1,112.829094,3,1691
1,4,14,KeyLanaBanana,0,0,0.0,0,0.0,0,1052
1,5,15,poloz0k,4,3,894.9316,5,149.6179,3,1849
1,5,15,SadnesSxWeaknesS,0,0,0.0,0,0.0,0,956
1,5,1,midasVeno,0,1,30.445312,0,0.0,0,1226
1,5,14,KeyLanaBanana,0,0,0.0,0,0.0,0,564
1,5,3,Lirachka,0,0,0.0,0,0.0,1,1349
1,5,10,ygort123,0,0,34.92237,0,0.0,0,877
1,5,5,RoninKraken1703,0,1,64.34999,0,0.0,0,1673
1,5,11,kAkASHi_KONCH,0,0,63.14896,0,0.0,0,1109
1,5,14,S_trannik,0,0,93.6,0,0.0,0,1055
1,5,7,kingilyaa,1,0,63.296097,1,28.261963,0,1041
1,5,2,RaiVer59,0,0,0.0,0,0.0,0,813
1,5,3,TonyKotana,1,1,100.00001,1,380.62253,3,1390
1,5,6,bogatir,3,1,453.96942,2,100.96382,0,1187
1,5,10,60M_6EP,2,0,200.0,1,64.251686,0,1136
1,5,13,Zizokko,2,0,363.53516,0,0.0,0,1846
1,5,15,Sharkologia,1,1,273.85156,1,37.851048,1,1849
1,5,13,LawrenceCraft,1,0,234.77661,2,257.1559,0,1846
1,5,9,Rocketq_q,0,0,0.0,0,0.0,0,1037
1,5,19,LowParadox,0,0,41.17647,0,0.0,0,955
1,5,2,hiles8,1,0,107.89242,0,0.0,0,829
1,5,3,Abq_elitetv,0,0,116.82794,1,8.904866,1,1310
1,5,11,DED_B_O6ED,2,0,231.41748,1,409.31094,0,1100
1,5,10,ssantt1,0,0,0.0,0,0.0,0,867
1,5,13,kickmehorse,4,0,490.07306,4,225.85089,0,1846
1,5,11,Akitsyokai,0,0,128.40523,0,0.0,0,1074
1,5,2,KyRench,0,0,27.927788,0,0.0,0,814
1,5,6,vbunkere67,1,0,127.83322,1,247.34674,1,1234
1,5,16,Takumiha,1,2,82.17998,2,48.477505,0,1434
1,5,18,Zoovoo_,0,0,0.0,0,0.0,0,874
1,5,4,GazBro27,2,0,226.80559,1,36.061882,3,1544
1,5,14,50max,0,0,46.795444,0,0.0,1,1055
1,5,12,TBJpro,1,0,344.90598,1,3.5185068,0,989
1,5,11,Pure_Sosop,0,0,90.88182,0,0.0,0,1109
1,5,18,HS_ZiP666,0,0,44.414993,0,0.0,0,874
1,5,8,Sharuse,1,1,99.80187,0,0.0,0,1074
1,5,1,Ps1h_,1,0,145.98883,2,62.67796,0,1331
1,5,9,Frolish,0,0,60.240063,0,0.0,0,1067
1,5,12,wisdm,0,0,80.55,0,0.0,0,632
1,5,6,Temka_001,1,2,220.18092,3,303.73535,0,1246
1,5,5,Amlaith,0,0,222.76112,0,0.0,0,1670
1,5,17,Platochek46,3,1,249.78123,0,0.0,0,1552
1,5,19,kotee228,3,0,341.9331,3,24.018518,0,955
1,5,14,NE_SOLI,1,0,100.0,0,0.0,0,615
1,5,18,jona_____,0,0,0.0,0,0.0,0,874
1,5,5,ArtLaw,3,2,690.64136,5,155.5934,0,1679
1,5,1,MovingAVG,0,0,99.56812,0,0.0,0,1250
1,5,7,dallas1995,0,0,0.0,0,0.0,1,1041
1,5,2,TesSsarion,0,0,26.549969,0,0.0,0,776
1,5,12,Satamet,0,0,0.0,0,0.0,0,84
1,5,16,Ex_He_3a6aHuJlo,3,1,470.77908,4,368.00964,0,1434
1,5,4,rdFelixArgyle,1,0,65.08015,0,0.0,0,1174
1,5,4,SHOULD_YT-_-,0,0,137.95177,0,0.0,0,1430
1,5,17,ponyash,4,2,742.8103,3,145.93138,2,1552
1,5,1,Teaplease_,0,0,57.941444,0,0.0,1,1221
1,5,16,NONAME_RD7939,2,2,919.8718,3,266.3091,0,1434
1,5,5,Kiyot7ka,5,1,343.26257,2,66.130394,2,1658
1,5,17,LOPRIK,2,1,419.22906,2,107.47919,2,1552
1,5,15,LaNIPUBG,2,0,462.82526,2,15.731128,0,1642
1,5,8,mr-Bot2010,0,0,60.236214,0,0.0,0,1251
1,5,8,ShugarDaddy554,1,0,119.4897,2,12.6345825,0,1074
1,5,4,Ththth1020,0,0,14.628522,0,0.0,0,1203
1,5,13,Salvador007,1,1,177.12239,1,25.832853,0,1321
1,5,17,naleitechai,1,1,144.49829,1,106.023605,0,1464
1,5,12,SsSoyer,0,0,0.0,0,0.0,0,131
1,5,9,bakashiniji,0,0,86.59624,0,0.0,0,1098
1,5,7,QeJimp,2,1,336.42398,1,4.308752,0,1041
1,5,6,TWITCH-MAYBECH_,1,2,199.4585,2,152.27838,1,964
1,6,1,Ps1h_,1,0,116.176384,1,12.511475,0,1150
1,6,13,LawrenceCraft,0,0,0.0,0,0.0,0,1140
1,6,13,Salvador007,0,0,25.972307,0,0.0,0,1146
1,6,15,LaNIPUBG,0,0,71.91121,0,0.0,0,1127
1,6,1,Teaplease_,0,0,0.0,0,0.0,0,1150
1,6,1,MovingAVG,0,0,0.0,0,0.0,0,829
1,6,7,kingilyaa,2,1,564.75946,5,123.010895,0,1493
1,6,13,Zizokko,1,0,100.0,0,0.0,0,988
1,6,15,SadnesSxWeaknesS,2,0,71.81004,0,0.0,0,1105
1,6,19,kotee228,4,3,755.00726,8,268.01138,1,1595
1,6,6,Temka_001,0,0,0.0,0,0.0,0,199
1,6,2,TesSsarion,2,0,107.75001,2,35.810257,1,1156
1,6,15,poloz0k,2,0,311.52945,1,9.644362,1,1166
1,6,14,NE_SOLI,0,0,0.0,0,0.0,0,230
1,6,8,ShugarDaddy554,1,0,78.62178,1,1.409073,0,1011
1,6,5,Kiyot7ka,1,0,158.55704,1,12.840663,0,455
1,6,7,QeJimp,1,3,265.59695,0,0.0,1,1410
1,6,14,KeyLanaBanana,0,1,0.0,0,0.0,0,309
1,6,14,50max,1,0,100.0,0,0.0,0,164
1,6,5,ArtLaw,0,0,39.619568,0,0.0,0,506
1,6,12,TBJpro,3,1,401.26926,1,6.016275,0,1405
1,6,4,rdFelixArgyle,1,0,94.35,1,3.1839309,0,144
1,6,12,Satamet,0,0,0.0,0,0.0,0,444
1,6,16,Takumiha,0,0,0.0,0,0.0,0,1598
1,6,17,Platochek46,0,0,48.23443,0,0.0,0,794
1,6,8,Sharuse,0,0,126.86345,0,0.0,0,1010
1,6,10,ygort123,0,0,19.8,0,0.0,0,1216
1,6,17,ponyash,3,0,168.99,0,0.0,0,794
1,6,10,ssantt1,0,0,190.99007,0,0.0,0,1216
1,6,5,Amlaith,1,0,137.91788,0,0.0,0,621
1,6,2,RaiVer59,0,1,171.0643,1,11.274862,0,1185
1,6,2,KyRench,0,0,0.0,0,0.0,1,1185
1,6,11,Akitsyokai,2,1,290.95453,3,15.679834,2,1457
1,6,11,kAkASHi_KONCH,2,0,253.2728,0,0.0,2,1421
1,6,11,DED_B_O6ED,3,2,556.93,1,327.724,3,1465
1,6,2,hiles8,0,0,0.0,0,0.0,0,634
1,6,9,bakashiniji,0,0,174.57523,0,0.0,1,1182
1,6,12,SsSoyer,4,0,789.7814,5,253.16196,1,1548
1,6,11,Pure_Sosop,1,1,288.81247,2,178.54567,0,1441
1,6,18,Zoovoo_,0,0,206.46448,0,0.0,0,1143
1,6,8,mr-Bot2010,0,0,0.0,0,0.0,0,1011
1,6,10,60M_6EP,1,0,194.16075,1,2.3937693,0,1216
1,6,3,TonyKotana,2,0,200.00002,1,18.689146,0,640
1,6,1,midasVeno,0,0,0.0,0,0.0,0,850
1,6,7,dallas1995,1,0,189.80753,2,189.7779,0,1195
1,6,19,LowParadox,4,1,506.37805,5,276.7222,0,1592
1,6,16,Ex_He_3a6aHuJlo,2,1,380.26202,2,77.52894,0,1598
1,6,17,LOPRIK,0,0,107.009995,0,0.0,0,794
1,6,6,TWITCH-MAYBECH_,3,0,216.57915,2,86.16651,0,154
1,6,9,Rocketq_q,2,0,500.35086,2,144.44193,0,1159
1,6,14,S_trannik,1,0,157.8,1,51.64593,0,378
1,6,9,cniiinw1221,1,0,124.962425,1,3.9511755,2,1151
1,6,6,vbunkere67,1,0,399.37222,0,0.0,0,508
1,6,12,wisdm,2,0,162.82,1,53.73463,2,1548
1,6,16,NONAME_RD7939,0,0,222.25333,2,53.088203,0,1598
1,6,3,Abq_elitetv,0,0,0.0,0,0.0,0,96
1,6,6,bogatir,0,1,52.92,0,0.0,0,131
1,6,18,jona_____,3,0,317.6683,4,146.48161,0,1210
1,6,3,Lirachka,0,0,0.0,0,0.0,0,640
1,6,5,RoninKraken1703,0,0,0.0,0,0.0,0,461
1,6,13,kickmehorse,0,0,0.0,0,0.0,0,1146
1,6,3,BaH9_kpytou,0,0,0.0,0,0.0,0,640
1,6,9,Frolish,0,0,0.0,0,0.0,0,225
1,6,4,SHOULD_YT-_-,0,2,220.4,1,66.93257,1,1056
1,6,4,GazBro27,2,0,299.6448,2,31.49251,1,1056
1,6,4,Ththth1020,0,0,0.0,0,0.0,0,118
1,6,15,Sharkologia,0,0,0.0,0,0.0,0,1091
1,6,17,naleitechai,0,0,49.02,0,0.0,0,794
1,6,18,HS_ZiP666,1,2,262.2993,1,8.999698,0,1008
2,1,13,jona_____,0,0,73.55752,0,0.0,0,652
2,1,12,cniiinw1221,0,0,34.800625,0,0.0,0,1051
2,1,3,bogatir,2,0,157.56786,0,0.0,0,993
2,1,7,Pure_Sosop,1,2,299.6665,2,107.39949,1,1695
2,1,13,PIZDUKI,0,0,106.12649,0,0.0,0,609
2,1,11,Deqviz_Twitch,1,0,167.11261,1,22.781866,0,877
2,1,3,vbunkere67,0,0,27.54675,0,0.0,0,886
2,1,2,Amlaith,0,0,59.36819,0,0.0,0,1414
2,1,10,HS_ZiP666,0,2,45.359997,0,0.0,0,1461
2,1,2,Kiyot7ka,1,1,115.008514,2,222.56354,0,847
2,1,7,kAkASHi_KONCH,0,2,270.2186,2,291.2293,1,1695
2,1,8,kotee228,0,0,151.11598,0,0.0,0,1317
2,1,9,hiles8,0,0,0.0,0,0.0,0,906
2,1,4,SadnesSxWeaknesS,0,0,0.0,0,0.0,0,83
2,1,4,SamvinG,0,0,0.0,0,0.0,0,79
2,1,8,L0m4kin,0,0,93.873474,0,0.0,0,1317
2,1,13,AlexeyMMM,0,0,0.0,0,0.0,0,652
2,1,5,Dao4ka,0,0,0.0,0,0.0,0,613
2,1,1,SsSoyer,1,0,201.66792,2,11.516144,1,1294
2,1,6,kingilyaa,1,0,378.4355,1,5.661578,0,1247
2,1,5,50max,0,0,80.94794,0,0.0,0,547
2,1,14,TumoxaKek,3,0,165.38,1,59.319542,1,1477
2,1,1,TBJpro,0,0,81.187454,0,0.0,0,1294
2,1,10,Lamarsky,2,1,329.13962,2,183.81775,1,1688
2,1,1,Satamet,1,0,21.10726,1,309.46317,0,1231
2,1,3,TWITCH-MAYBECH_,2,0,255.16055,1,312.62167,1,972
2,1,14,TheTAIIOK,1,1,167.9189,0,0.0,0,1471
2,1,8,LowParadox,1,0,191.73021,1,166.61732,0,1317
2,1,11,tyexer,0,0,0.0,0,0.0,0,877
2,1,8,UEBANISCHE,0,0,0.0,0,0.0,0,1317
2,1,13,zxc_POCHITA,2,0,196.00717,2,41.119072,0,630
2,1,6,QeJimp,1,0,333.77728,0,0.0,0,1229
2,1,7,DED_B_O6ED,4,5,592.88513,3,67.14289,0,1695
2,1,5,amplumnox,2,2,558.46484,1,31.690601,2,1625
2,1,2,RoninKraken1703,2,1,349.1065,3,8.124361,2,1005
2,1,4,LaNIPUBG,0,0,0.0,0,0.0,0,764
2,1,12,Frolish,0,0,0.0,0,0.0,0,542
2,1,14,ponyash,1,1,80.49166,0,0.0,0,783
2,1,9,ChR1stmas96,0,0,28.810436,0,0.0,0,961
2,1,2,ArtLaw,2,0,216.74048,2,7.8002734,0,1023
2,1,6,dallas1995,2,1,182.74551,0,0.0,0,1247
2,1,12,bakashiniji,0,0,70.13424,0,0.0,0,545
2,1,11,Hanako138,2,1,159.0,0,0.0,0,877
2,1,10,Zoovoo_,2,3,390.6487,2,115.694695,0,1456
2,1,10,shmuz-,0,0,0,0,0,0,0
2,1,4,poloz0k,0,0,0.0,0,0.0,0,94
2,1,14,LOPRIK,2,0,323.02722,3,172.40778,0,1477
2,1,1,KiskaGrizWW,1,1,168.89212,1,34.301285,0,1243
2,1,12,Rocketq_q,1,0,139.32079,1,160.85493,0,1346
2,1,5,TaunaMun,2,0,564.11066,4,302.62314,0,1625
2,1,7,Akitsyokai,0,1,123.14146,1,129.49594,2,1695
2,1,9,TesSsarion,0,0,0.0,0,0.0,0,961
2,1,9,OleganPNZ,0,0,0.0,0,0.0,0,903
3,1,12,PlayWM15,0,0,0.0,0,0.0,0,410
3,1,5,GU1AR,1,0,92.0,0,0.0,0,1136
3,1,8,m00rtal,2,0,299.07275,2,216.22554,4,1796
3,1,2,Sonic_Wave2711,1,0,200.56929,0,0.0,0,1538
3,1,14,Sosik228,2,0,144.0971,1,5.1581798,2,820
3,1,7,pavbo,0,1,59.219997,0,0.0,0,1439
3,1,4,yngyanni,0,0,0.0,0,0.0,0,1341
3,1,8,cartalej,3,1,732.94135,7,129.6727,0,1789
3,1,6,Lek5on,2,0,346.33704,1,4.625975,0,1026
3,1,5,uylidyce,0,0,0.0,0,0.0,0,1117
3,1,1,GazBro27,0,1,22.432177,0,0.0,0,1274
3,1,8,sloau,0,1,404.9873,0,0.0,2,1861
3,1,4,Fuseland,0,0,101.757515,0,0.0,0,1294
3,1,14,GaB_MaD,0,0,0.0,0,0.0,1,771
3,1,11,E_x_ta_ZzZ,0,0,116.389725,0,0.0,1,1468
3,1,8,Agos1337,1,2,356.71365,0,0.0,2,1791
3,1,11,EzPetooh,9,2,1075.595,4,158.98102,0,1864
3,1,3,Ps1h_,0,0,17.1,0,0.0,0,1555
3,1,7,13Floyd,1,0,93.94,1,27.042961,0,1471
3,1,6,Animesnik096,1,1,105.755295,0,0.0,2,1135
3,1,11,x_zitrex_x,0,0,136.34183,0,0.0,0,1464
3,1,12,unknown_leshka,0,0,0.0,0,0.0,0,410
3,1,12,kikjeck,1,0,100.0,0,0.0,0,1303
3,1,7,ZHORANDY,0,0,169.14102,1,5.9695144,3,1417
3,1,11,feckless_,5,1,815.23285,6,172.70662,1,1864
3,1,12,sympathies1769,0,0,67.67999,0,0.0,0,407
3,1,1,SHOULD_YT-_-,9,3,1240.0939,11,138.08397,2,1639
3,1,9,LawrenceCraft,0,0,84.48,0,0.0,0,707
3,1,9,Zizokko,0,0,58.5,0,0.0,0,752
3,1,9,IQ_TOMZZ,0,0,0.0,0,0.0,0,698
3,1,4,ReBruM,1,1,114.134445,0,0.0,0,1550
3,1,14,happy5rogue,1,0,173.19603,0,0.0,0,820
3,1,6,Baklaxa,3,1,552.05774,1,35.260098,0,832
3,1,10,weqty,0,0,245.09456,0,0.0,1,1292
3,1,10,john1__,1,0,146.25998,1,153.91116,0,1114
3,1,10,DEADLY_PANDA03,0,0,0.0,0,0.0,0,1112
3,1,9,kickmehorse,2,0,178.88332,0,0.0,0,757
3,1,14,Kioto228,0,0,17.516354,0,0.0,1,816
3,1,3,Teaplease_,1,0,273.477,1,21.907568,0,1555
3,1,2,Kak_ect6,0,0,152.45242,0,0.0,0,1479
3,1,10,andrxwedits,0,0,158.5595,0,0.0,0,1299
3,1,2,Abq_elitetv,0,0,194.20462,0,0.0,1,1449
3,1,1,Ththth1020,4,6,207.16776,3,112.51901,1,1622
3,1,7,Stamcos,0,0,0.0,0,0.0,0,1133
3,1,4,naleitechai,0,0,6.7556267,1,16.55294,1,1550
3,1,1,rdFelixArgyle,1,3,392.0492,0,0.0,1,1639
3,1,6,gre90ry,3,0,421.89368,2,5.398911,1,1510
3,1,2,BaH9_kpytou,2,0,432.68518,0,0.0,0,1623
2,2,14,TumoxaKek,2,0,56.995728,1,250.69247,0,1270
2,2,14,ponyash,0,0,0.0,0,0.0,0,739
2,2,8,LowParadox,2,2,345.37933,2,248.53026,1,1608
2,2,9,TesSsarion,0,0,82.409996,0,0.0,0,420
2,2,3,Temka_001,0,0,47.73,0,0.0,0,794
2,2,9,ChR1stmas96,0,0,26.4,0,0.0,0,537
2,2,12,cniiinw1221,0,0,52.505573,0,0.0,0,988
2,2,4,poloz0k,2,0,291.4773,2,13.434585,0,1306
2,2,8,kotee228,2,0,113.0,2,7.534576,0,1216
2,2,3,vbunkere67,0,0,57.6,0,0.0,0,794
2,2,13,AlexeyMMM,0,1,0.0,0,0.0,0,758
2,2,6,dallas1995,0,0,0.0,0,0.0,0,920
2,2,4,SadnesSxWeaknesS,0,1,180.55884,0,0.0,0,1326
2,2,4,SamvinG,0,0,0.0,0,0.0,0,1300
2,2,3,TWITCH-MAYBECH_,0,0,0.0,0,0.0,0,783
2,2,13,zxc_POCHITA,5,0,512.1127,4,30.93912,0,810
2,2,13,jona_____,0,0,0.0,0,0.0,0,758
2,2,9,hiles8,0,0,0.0,0,0.0,0,283
2,2,10,HS_ZiP666,3,3,519.46564,2,81.57684,1,1663
2,2,10,shmuz-,0,0,0,0,0,0,0
2,2,2,RoninKraken1703,1,0,100.0,1,134.23976,0,982
2,2,5,50max,1,0,218.99133,1,33.34667,0,1029
2,2,2,ArtLaw,1,1,208.79211,0,0.0,1,1077
2,2,3,bogatir,1,0,63.36,0,0.0,0,794
2,2,10,Lamarsky,0,0,56.61084,0,0.0,2,1663
2,2,5,Dao4ka,0,0,66.51361,0,0.0,1,1029
2,2,14,TheTAIIOK,1,1,296.302,4,56.23216,2,1221
2,2,6,kingilyaa,1,1,191.10709,1,140.08801,0,1549
2,2,1,KiskaGrizWW,1,0,131.7205,0,0.0,0,192
2,2,7,Pure_Sosop,0,0,194.26633,0,0.0,0,1165
2,2,12,Frolish,0,1,25.138687,0,0.0,1,988
2,2,14,LOPRIK,0,0,48.0,0,0.0,0,742
2,2,11,Deqviz_Twitch,0,0,129.4051,0,0.0,0,465
2,2,7,DED_B_O6ED,1,0,132.89653,0,0.0,2,1166
2,2,7,Akitsyokai,0,0,34.5986,0,0.0,0,1187
2,2,11,tyexer,1,0,120.28001,0,0.0,1,467
2,2,4,LaNIPUBG,2,0,159.92271,1,29.138006,0,1382
2,2,1,SsSoyer,0,1,262.92545,1,137.45697,1,1488
2,2,13,PIZDUKI,1,1,0.0,0,0.0,0,749
2,2,6,QeJimp,4,1,683.72864,6,504.5811,1,1567
2,2,1,Satamet,2,0,242.78983,1,244.56447,0,1488
2,2,12,Rocketq_q,0,0,223.90169,0,0.0,0,1009
2,2,5,TaunaMun,1,1,163.96916,1,8.305264,0,1029
2,2,5,amplumnox,0,0,165.84956,0,0.0,0,994
2,2,2,Amlaith,0,0,95.45789,1,102.44844,0,1118
2,2,1,TBJpro,0,0,0.0,0,0.0,0,181
2,2,9,OleganPNZ,1,0,100.0,1,2.0825093,0,406
2,2,11,Hanako138,0,0,0.0,0,0.0,0,357
2,2,10,Zoovoo_,0,0,173.89624,0,0.0,0,1646
2,2,8,UEBANISCHE,1,1,76.40081,1,75.42153,0,399
2,2,7,kAkASHi_KONCH,0,0,122.61826,0,0.0,0,1419
2,2,12,bakashiniji,1,0,151.28107,1,55.989395,0,1029
2,2,8,L0m4kin,5,1,606.2697,3,166.25053,0,1660
2,2,2,Kiyot7ka,1,0,117.97899,1,18.229885,0,1125
3,2,8,cartalej,1,0,73.22,1,35.04384,0,874
3,2,7,pavbo,0,0,0.0,0,0.0,0,844
3,2,3,Teaplease_,0,0,47.894196,0,0.0,0,1288
3,2,2,Sonic_Wave2711,1,0,68.16966,1,176.298,1,1007
3,2,14,happy5rogue,0,0,67.67999,0,0.0,0,838
3,2,4,naleitechai,0,0,28.38,0,0.0,0,1212
3,2,14,Sosik228,0,1,0.0,0,0.0,0,885
3,2,9,Zizokko,1,0,85.0,1,19.362051,1,560
3,2,2,BaH9_kpytou,0,0,76.82044,0,0.0,0,1007
3,2,14,GaB_MaD,1,0,100.0,1,66.977356,0,885
3,2,1,GazBro27,2,4,523.5079,4,198.67778,0,1866
3,2,10,john1__,5,0,688.5793,3,200.57811,0,1882
3,2,9,IQ_TOMZZ,0,0,113.34932,0,0.0,1,997
3,2,2,Kak_ect6,0,0,14.836118,0,0.0,0,676
3,2,12,PlayWM15,0,0,0.0,1,6.197859,0,726
3,2,8,Agos1337,2,1,255.59477,2,201.29707,0,1640
3,2,7,ZHORANDY,0,0,0.0,0,0.0,0,844
3,2,10,DEADLY_PANDA03,3,0,331.53763,4,20.449352,0,1882
3,2,12,sympathies1769,0,0,0.0,0,0.0,0,1130
3,2,5,uylidyce,0,0,100.155685,0,0.0,0,1349
3,2,6,Animesnik096,1,2,67.403885,1,7.284993,1,1712
3,2,11,x_zitrex_x,2,0,300.19992,2,305.61865,0,930
3,2,11,EzPetooh,2,1,248.80275,0,0.0,0,930
3,2,2,Abq_elitetv,0,0,0.0,0,0.0,0,663
3,2,1,rdFelixArgyle,0,1,46.053783,0,0.0,0,839
3,2,9,kickmehorse,1,0,100.0,1,17.641077,0,411
3,2,12,kikjeck,0,0,0.0,0,0.0,0,729
3,2,1,SHOULD_YT-_-,4,1,449.49252,4,35.89532,0,1227
3,2,10,andrxwedits,2,1,325.17905,0,0.0,0,512
3,2,10,weqty,0,1,68.97476,0,0.0,0,417
3,2,4,yngyanni,1,0,175.43881,0,0.0,0,1212
3,2,4,Fuseland,2,2,267.7437,4,180.64311,0,1212
3,2,6,gre90ry,0,1,157.59286,1,197.86826,1,1425
3,2,8,sloau,2,3,585.69293,0,0.0,4,1640
3,2,11,feckless_,0,1,27.888212,0,0.0,0,885
3,2,3,Ps1h_,1,0,90.79964,0,0.0,0,1288
3,2,6,Lek5on,3,2,521.2991,4,317.236,0,1414
3,2,8,m00rtal,1,1,198.32558,0,0.0,1,944
3,2,7,Stamcos,0,0,73.8,0,0.0,0,837
3,2,11,E_x_ta_ZzZ,0,0,46.199997,0,0.0,0,930
3,2,14,Kioto228,1,0,228.67839,0,0.0,0,869
3,2,12,unknown_leshka,0,0,0.0,0,0.0,0,755
3,2,5,GU1AR,0,0,0.0,0,0.0,0,1864
3,2,9,LawrenceCraft,0,1,69.04,0,0.0,0,501
3,2,1,Ththth1020,6,0,741.79315,8,215.57002,3,1885
3,2,7,13Floyd,0,0,42.0,1,47.790543,0,844
3,2,4,ReBruM,3,4,412.96744,2,190.95015,0,1212
3,2,6,Baklaxa,0,0,0.0,0,0.0,0,529
2,3,10,Zoovoo_,1,1,283.32025,1,173.54756,0,1762
2,3,3,TWITCH-MAYBECH_,2,0,266.96,1,7.502158,0,274
2,3,2,Amlaith,0,0,0.0,0,0.0,0,1435
2,3,11,r1ryZ,1,0,63.18084,0,0.0,0,1286
2,3,2,Kiyot7ka,0,0,51.455246,0,0.0,0,886
2,3,14,ponyash,0,0,0.0,0,0.0,0,913
2,3,2,ArtLaw,0,0,0.0,0,0.0,0,869
2,3,8,kotee228,3,2,439.3897,3,19.512793,1,1461
2,3,5,Dao4ka,0,0,56.725033,0,0.0,0,1261
2,3,14,TheTAIIOK,0,0,50.329453,0,0.0,0,1104
2,3,5,TaunaMun,1,0,176.2,1,111.836945,0,1235
2,3,11,tyexer,3,1,231.72974,3,89.83547,0,1492
2,3,3,vbunkere67,2,0,265.01,1,28.483732,0,283
2,3,9,TesSsarion,3,0,354.1745,2,11.835388,1,1813
2,3,1,TBJpro,2,0,204.70117,1,30.254307,0,1551
2,3,9,ChR1stmas96,0,0,310.0509,1,19.917702,0,1813
2,3,13,AlexeyMMM,0,0,0.0,0,0.0,1,1119
2,3,10,shmuz-,0,0,0,0,0,0,0
2,3,14,TumoxaKek,1,0,100.0,0,0.0,0,1007
2,3,13,jona_____,0,0,65.09588,0,0.0,0,1108
2,3,8,LowParadox,4,4,547.4576,1,1.7917808,4,1508
2,3,8,L0m4kin,1,1,288.34,0,0.0,0,965
2,3,14,LOPRIK,0,0,67.782,0,0.0,0,1216
2,3,9,hiles8,2,1,578.2228,3,174.5374,0,1813
2,3,7,DED_B_O6ED,4,1,551.8829,0,0.0,0,1356
2,3,2,RoninKraken1703,0,0,61.920002,0,0.0,0,853
2,3,12,bakashiniji,0,0,0.0,0,0.0,0,248
2,3,12,Frolish,0,0,0.0,0,0.0,0,118
2,3,12,cniiinw1221,0,0,22.140001,0,0.0,0,602
2,3,1,KiskaGrizWW,0,0,106.91713,0,0.0,1,1535
2,3,10,Lamarsky,2,2,156.03613,2,427.44592,2,1756
2,3,6,QeJimp,1,0,96.0,0,0.0,2,1076
2,3,4,SadnesSxWeaknesS,0,0,0.0,0,0.0,1,1039
2,3,12,Rocketq_q,0,0,33.39,0,0.0,0,103
2,3,11,Hanako138,0,2,231.3529,0,0.0,1,1374
2,3,6,dallas1995,1,0,155.08174,2,74.27915,0,1079
2,3,10,HS_ZiP666,4,1,788.56464,6,171.33453,1,1810
2,3,4,poloz0k,1,0,100.0,1,226.75414,0,997
2,3,8,UEBANISCHE,3,0,568.3934,5,14.807263,2,1508
2,3,3,bogatir,1,0,84.41,0,0.0,0,1157
2,3,1,Satamet,1,0,65.1295,1,29.245173,2,1551
2,3,9,OleganPNZ,0,2,329.45297,0,0.0,0,1805
2,3,7,kAkASHi_KONCH,0,0,19.8,0,0.0,1,1356
2,3,13,zxc_POCHITA,0,0,48.33576,0,0.0,0,1104
2,3,11,Deqviz_Twitch,6,2,968.69147,4,98.23084,0,1765
2,3,4,SamvinG,1,0,168.544,0,0.0,0,1039
2,3,5,amplumnox,1,1,235.11574,2,356.37796,0,1260
2,3,7,Akitsyokai,0,0,119.34,0,0.0,1,1223
2,3,13,PIZDUKI,0,0,59.84709,0,0.0,0,1119
2,3,4,LaNIPUBG,1,0,75.0,0,0.0,0,1035
2,3,5,50max,0,0,45.05923,1,191.4078,0,1232
2,3,3,Temka_001,0,1,33.39,0,0.0,1,268
2,3,7,Pure_Sosop,1,0,189.33499,1,11.087113,1,1249
2,3,6,kingilyaa,2,0,276.89047,2,25.788445,1,1160
2,3,1,SsSoyer,0,0,108.482994,0,0.0,0,1551
3,3,3,Ps1h_,0,0,198.09091,0,0.0,0,1331
3,3,6,gre90ry,0,0,22.062225,0,0.0,0,1071
3,3,14,Sosik228,1,0,66.28827,1,29.815454,2,337
3,3,12,kikjeck,0,0,97.2,0,0.0,1,948
3,3,9,Zizokko,0,0,0.0,0,0.0,1,1007
3,3,2,BaH9_kpytou,2,1,800.32983,3,142.7979,0,1451
3,3,2,Abq_elitetv,1,0,75.0,0,0.0,0,255
3,3,14,happy5rogue,0,1,117.00095,0,0.0,1,323
3,3,10,DEADLY_PANDA03,4,1,526.08136,4,297.4875,0,1663
3,3,12,unknown_leshka,0,0,0.0,0,0.0,0,628
3,3,4,yngyanni,5,0,788.75586,4,39.434242,3,1671
3,3,8,cartalej,2,0,118.0,1,35.330753,3,1392
3,3,8,Agos1337,2,0,100.45739,2,48.038685,0,1354
3,3,6,Baklaxa,3,0,391.90277,4,59.138058,1,1200
3,3,7,pavbo,0,0,80.0,1,31.800772,0,1148
3,3,14,GaB_MaD,0,0,25.755987,0,0.0,0,337
3,3,8,m00rtal,0,0,0.0,0,0.0,1,1359
3,3,6,Lek5on,2,0,73.937775,0,0.0,0,1078
3,3,9,kickmehorse,1,0,101.23999,0,0.0,1,1007
3,3,7,Stamcos,0,0,0.0,0,0.0,0,1136
3,3,1,GazBro27,0,0,0.0,0,0.0,0,1008
3,3,10,andrxwedits,2,1,248.3828,1,11.205126,2,1674
3,3,11,E_x_ta_ZzZ,0,0,45.785233,0,0.0,1,1059
3,3,11,EzPetooh,0,0,0.0,0,0.0,0,1028
3,3,4,Fuseland,4,3,1060.1686,2,38.366135,0,1671
3,3,11,x_zitrex_x,0,0,188.94604,1,45.404785,1,1420
3,3,8,sloau,1,2,250.17012,1,39.738,0,1397
3,3,5,GU1AR,0,0,18.449999,0,0.0,0,1121
3,3,7,13Floyd,1,0,20.0,1,142.21747,0,1101
3,3,3,Teaplease_,0,0,118.25781,0,0.0,0,1331
3,3,12,sympathies1769,1,0,252.94867,0,0.0,0,934
3,3,9,LawrenceCraft,1,0,138.51852,1,139.25992,0,1007
3,3,11,feckless_,1,1,159.03079,0,0.0,0,1024
3,3,4,naleitechai,0,1,26.40628,0,0.0,3,1654
3,3,5,uylidyce,0,0,19.8,0,0.0,0,1121
3,3,6,Animesnik096,0,0,42.555397,0,0.0,0,1010
3,3,9,IQ_TOMZZ,3,0,322.42725,1,110.94628,1,1007
3,3,2,Sonic_Wave2711,1,1,154.8458,0,0.0,0,349
3,3,12,PlayWM15,0,0,0.0,0,0.0,0,652
3,3,7,ZHORANDY,0,0,0.0,0,0.0,0,1148
3,3,2,Kak_ect6,3,0,261.35272,5,115.74961,0,1366
3,3,4,ReBruM,3,0,228.61711,2,109.91939,0,1082
3,3,10,weqty,0,1,79.99214,0,0.0,2,1674
3,3,1,SHOULD_YT-_-,2,0,246.5928,1,32.606323,0,1088
3,3,10,john1__,5,2,801.6718,5,210.33174,0,1674
3,3,1,Ththth1020,0,0,0.0,0,0.0,0,962
3,3,1,rdFelixArgyle,0,0,42.20314,0,0.0,0,1000
3,4,6,Animesnik096,1,0,213.9223,0,0.0,0,1211
3,4,4,Fuseland,7,2,836.036,8,91.13306,1,1745
3,4,10,DEADLY_PANDA03,0,0,81.899994,0,0.0,2,1112
3,4,6,gre90ry,0,0,0.0,0,0.0,0,96
3,4,11,x_zitrex_x,3,0,713.65326,4,54.982635,1,1526
3,4,2,Abq_elitetv,1,2,796.421,4,111.556015,2,1763
3,4,7,ZHORANDY,1,0,195.64229,2,111.46541,0,1168
3,4,9,Zizokko,0,0,175.14395,0,0.0,0,1198
3,4,8,sloau,3,1,392.87738,2,189.92192,0,1427
3,4,4,naleitechai,0,1,56.25866,0,0.0,2,1368
3,4,9,kickmehorse,0,0,0.0,0,0.0,0,1198
3,4,12,PlayWM15,0,0,101.6898,0,0.0,0,1414
3,4,14,happy5rogue,0,0,100.96869,0,0.0,1,1347
3,4,4,ReBruM,3,0,357.42386,4,162.82765,1,1760
3,4,10,john1__,0,0,173.2944,0,0.0,0,872
3,4,11,E_x_ta_ZzZ,0,0,74.95569,0,0.0,2,1466
3,4,14,Kioto228,1,0,152.29922,0,0.0,1,1333
3,4,1,GazBro27,0,0,34.89458,0,0.0,0,1350
3,4,7,13Floyd,0,0,145.53606,0,0.0,0,1192
3,4,8,cartalej,0,0,49.343445,0,0.0,0,1427
3,4,3,Teaplease_,0,0,0.0,0,0.0,1,611
3,4,7,Stamcos,1,1,156.82771,0,0.0,0,1125
3,4,9,LawrenceCraft,1,0,106.119995,1,15.926325,0,1174
3,4,12,unknown_leshka,1,2,288.58325,2,47.09357,1,1666
3,4,11,feckless_,0,2,91.54186,0,0.0,1,1456
3,4,1,SHOULD_YT-_-,4,0,767.3048,1,165.91666,0,1565
3,4,2,Sonic_Wave2711,6,4,907.4506,5,139.41823,1,1763
3,4,8,Agos1337,2,0,139.79999,2,181.33234,0,1427
3,4,1,Ththth1020,0,0,255.50945,0,0.0,0,1565
3,4,14,GaB_MaD,1,0,227.77058,0,0.0,0,1468
3,4,9,IQ_TOMZZ,1,0,130.80673,0,0.0,0,1198
3,4,8,m00rtal,0,0,34.19387,0,0.0,4,1427
3,4,6,Baklaxa,1,0,206.70729,1,156.65247,1,1028
3,4,4,yngyanni,0,0,151.30768,0,0.0,0,1373
3,4,7,pavbo,0,0,70.87757,0,0.0,0,1192
3,4,5,GU1AR,0,0,0.0,0,0.0,0,1217
3,4,12,kikjeck,4,1,617.6834,5,214.53754,0,1697
3,4,14,Sosik228,4,0,552.9855,0,0.0,1,1468
3,4,2,Kak_ect6,1,2,343.3474,1,96.03617,0,1616
3,4,10,andrxwedits,1,0,142.94809,0,0.0,0,1112
3,4,5,uylidyce,0,0,0.0,0,0.0,0,1214
3,4,6,Lek5on,0,0,0.0,0,0.0,0,82
3,4,11,EzPetooh,2,1,495.45068,0,0.0,1,1548
3,4,1,rdFelixArgyle,1,1,243.5509,0,0.0,0,1468
3,4,3,Ps1h_,0,0,74.85539,0,0.0,0,611
3,4,10,weqty,0,0,43.48398,0,0.0,0,1112
3,4,12,sympathies1769,4,4,560.4664,3,150.50856,0,1697
3,4,2,BaH9_kpytou,0,0,0.0,0,0.0,0,1050
2,4,1,TBJpro,3,1,479.69574,2,100.67563,2,1355
2,4,12,cniiinw1221,0,0,0.0,0,0.0,0,947
2,4,12,Frolish,0,0,58.135273,0,0.0,0,980
2,4,3,TWITCH-MAYBECH_,1,0,377.77222,1,47.346935,1,1522
2,4,13,PIZDUKI,1,0,0.0,0,0.0,0,749
2,4,11,Deqviz_Twitch,0,1,99.48926,0,0.0,0,1204
2,4,1,Satamet,4,0,371.66187,4,212.37056,1,1375
2,4,5,Dao4ka,0,0,19.8,0,0.0,0,976
2,4,5,50max,0,0,30.24,0,0.0,0,1033
2,4,11,tyexer,6,0,706.3816,4,102.00066,0,1321
2,4,5,TaunaMun,1,0,0.0,0,0.0,0,957
2,4,14,LOPRIK,0,0,21.43696,0,0.0,0,1181
2,4,14,TheTAIIOK,0,0,186.70567,0,0.0,0,1310
2,4,13,AlexeyMMM,0,1,48.463123,0,0.0,0,966
2,4,11,Hanako138,2,1,368.54617,0,0.0,1,1324
2,4,10,Zoovoo_,1,4,325.47015,1,145.02202,1,1619
2,4,1,KiskaGrizWW,0,1,33.39,0,0.0,1,1295
2,4,3,vbunkere67,1,0,208.59186,1,94.417015,1,1250
2,4,8,UEBANISCHE,0,0,281.077,2,72.9285,0,1835
2,4,14,TumoxaKek,0,0,50.76,0,0.0,1,1310
2,4,3,Temka_001,1,0,255.03217,0,0.0,0,1304
2,4,7,Pure_Sosop,2,0,571.1873,1,40.934296,0,1352
2,4,8,LowParadox,2,0,478.13956,4,223.25508,0,1835
2,4,8,kotee228,3,0,422.34048,4,99.40231,0,1835
2,4,7,DED_B_O6ED,1,0,278.94238,1,178.22343,2,1504
2,4,11,r1ryZ,0,0,0.0,0,0.0,0,84
2,4,2,Kiyot7ka,0,0,0.0,0,0.0,0,1135
2,4,7,Akitsyokai,0,0,264.99875,1,165.36726,0,1400
2,4,9,TesSsarion,0,0,0.0,0,0.0,0,911
2,4,5,amplumnox,0,0,19.35,0,0.0,0,1033
2,4,2,ArtLaw,0,0,0.0,0,0.0,0,713
2,4,9,ChR1stmas96,0,0,86.86233,0,0.0,1,1078
2,4,9,hiles8,3,2,291.2755,2,310.41812,0,1491
2,4,10,Lamarsky,3,2,429.35486,4,35.488327,2,1814
2,4,1,SsSoyer,0,1,73.65449,0,0.0,0,1437
2,4,12,Rocketq_q,0,0,197.01445,1,27.324402,0,1081
2,4,12,bakashiniji,0,0,0.0,0,0.0,0,981
2,4,14,ponyash,0,0,239.71129,1,21.45039,0,1310
2,4,4,SadnesSxWeaknesS,1,0,164.99266,1,7.2217784,0,1234
2,4,6,QeJimp,2,2,140.07149,0,0.0,1,1205
2,4,6,kingilyaa,1,0,100.0,1,4.1556735,0,1178
2,4,9,OleganPNZ,2,2,222.9411,3,127.65357,0,1491
2,4,13,zxc_POCHITA,1,0,0.0,0,0.0,0,746
2,4,10,HS_ZiP666,2,1,186.76894,2,259.73676,0,1832
2,4,2,RoninKraken1703,0,0,0.0,0,0.0,0,936
2,4,4,SamvinG,2,0,181.74646,2,47.20101,1,1090
2,4,4,poloz0k,1,1,142.52287,0,0.0,0,965
2,4,4,LaNIPUBG,1,1,244.91968,1,15.664271,0,1156
2,4,7,kAkASHi_KONCH,0,0,0.0,0,0.0,0,117
2,4,3,bogatir,1,0,100.0,1,122.1031,1,1427
2,4,2,Amlaith,0,0,0.0,0,0.0,0,714
2,4,13,jona_____,2,0,220.06512,1,21.974907,0,966
2,4,6,dallas1995,0,0,0.0,0,0.0,0,132
3,5,11,feckless_,0,0,0.0,0,0.0,2,843
3,5,4,naleitechai,0,0,23.618504,0,0.0,3,1800
3,5,4,ReBruM,2,1,242.12285,1,103.78508,0,1163
3,5,4,yngyanni,2,1,349.35764,3,115.03478,0,1517
3,5,11,E_x_ta_ZzZ,0,0,44.297997,0,0.0,0,842
3,5,11,x_zitrex_x,1,0,340.145,0,0.0,0,845
3,5,9,LawrenceCraft,1,0,188.60829,1,33.680054,0,1088
3,5,7,pavbo,0,0,0.0,0,0.0,0,820
3,5,5,GU1AR,0,0,0.0,0,0.0,0,606
3,5,12,sympathies1769,2,0,320.4058,2,261.14114,0,1301
3,5,9,Zizokko,0,0,30.21,0,0.0,0,1107
3,5,5,uylidyce,0,0,0.0,0,0.0,0,649
3,5,10,andrxwedits,4,2,597.1913,4,138.3936,0,1563
3,5,1,SHOULD_YT-_-,3,2,606.16724,3,145.28961,0,1878
3,5,12,kikjeck,0,0,0.0,0,0.0,0,697
3,5,12,PlayWM15,0,0,180.25238,0,0.0,1,1305
3,5,10,john1__,2,1,228.8629,2,11.416998,0,1007
3,5,10,weqty,3,2,653.63776,4,116.41954,2,1875
3,5,6,Lek5on,0,0,0.0,0,0.0,0,1263
3,5,12,unknown_leshka,0,0,28.660393,0,0.0,0,1290
3,5,7,ZHORANDY,1,0,200.69084,0,0.0,0,813
3,5,1,Ththth1020,1,1,378.95996,2,173.13252,1,1878
3,5,2,Sonic_Wave2711,1,0,150.8075,0,0.0,1,1317
3,5,1,rdFelixArgyle,1,3,310.68646,1,105.82919,1,1803
3,5,7,Stamcos,0,0,22.140001,0,0.0,0,763
3,5,4,Fuseland,6,2,958.3664,7,107.608986,0,1875
3,5,3,MovingAVG,1,0,241.50378,0,0.0,0,469
3,5,2,Kak_ect6,0,0,29.494677,0,0.0,0,1275
3,5,8,cartalej,1,0,140.7632,0,0.0,0,1166
3,5,10,DEADLY_PANDA03,8,2,1084.3488,5,27.377195,1,1500
3,5,6,gre90ry,0,0,43.722923,0,0.0,0,1263
3,5,3,Teaplease_,0,0,23.402723,0,0.0,0,475
3,5,2,Abq_elitetv,0,0,24.129177,0,0.0,2,1317
3,5,8,Agos1337,1,0,155.8,1,20.083183,0,1172
3,5,8,m00rtal,1,1,124.6,1,23.6333,0,1172
3,5,14,Sosik228,3,0,383.9199,1,19.575232,0,1617
3,5,3,Ps1h_,0,0,41.521935,0,0.0,0,475
3,5,9,IQ_TOMZZ,0,1,229.64032,1,121.58095,3,1056
3,5,8,sloau,0,0,62.6268,0,0.0,0,1172
3,5,5,S_trannik,0,0,0.0,0,0.0,0,649
3,5,14,happy5rogue,2,0,178.0,2,99.468155,1,1578
3,5,7,13Floyd,0,0,93.479996,0,0.0,0,820
3,5,14,Kioto228,1,0,248.34546,2,87.8,1,1540
3,5,1,GazBro27,2,0,152.41107,2,190.59047,0,1878
3,5,11,EzPetooh,0,0,194.39749,0,0.0,0,835
3,5,14,GaB_MaD,0,2,49.647552,0,0.0,0,1495
3,5,9,kickmehorse,4,0,358.75665,2,66.647125,0,1141
3,5,6,Animesnik096,1,0,0.0,0,0.0,1,1263
3,5,2,BaH9_kpytou,0,0,85.994995,0,0.0,0,1317
3,5,5,Arsik_KzM_29_RUS,0,0,0.0,0,0.0,0,649
3,5,6,Baklaxa,0,0,103.470894,0,0.0,0,969
2,5,1,TBJpro,4,1,610.3534,2,20.058056,2,1486
2,5,6,dallas1995,0,0,0.0,0,0.0,0,365
2,5,4,SamvinG,0,0,61.2,0,0.0,0,1006
2,5,8,L0m4kin,1,2,275.69153,2,91.30424,2,1543
2,5,11,Deqviz_Twitch,4,0,292.93048,3,71.492874,0,1195
2,5,3,bogatir,0,0,79.95,0,0.0,0,295
2,5,4,poloz0k,2,0,318.93347,1,90.293076,0,1220
2,5,8,kotee228,2,1,297.80237,3,44.953873,0,1475
2,5,10,Lamarsky,1,1,94.157005,2,45.409874,1,1475
2,5,5,amplumnox,0,1,0.0,0,0.0,0,1217
2,5,3,TWITCH-MAYBECH_,0,0,78.95999,0,0.0,0,284
2,5,12,cniiinw1221,0,0,0.0,0,0.0,0,113
2,5,11,tyexer,2,0,370.64136,1,18.484001,1,1350
2,5,12,Rocketq_q,2,0,177.00002,0,0.0,0,562
2,5,12,Frolish,2,0,224.05655,1,8.636744,2,643
2,5,12,bakashiniji,2,0,315.1861,1,13.469801,0,692
2,5,5,50max,0,0,0.0,0,0.0,1,1403
2,5,1,Satamet,1,0,189.78226,0,0.0,0,559
2,5,2,RoninKraken1703,0,0,111.95133,0,0.0,0,1706
2,5,8,LowParadox,4,2,813.13885,4,176.63356,1,1633
2,5,7,DED_B_O6ED,0,0,0.0,0,0.0,0,1114
2,5,1,SsSoyer,5,0,496.7072,5,107.50631,2,1322
2,5,14,TheTAIIOK,0,0,82.799995,0,0.0,0,421
2,5,7,kAkASHi_KONCH,0,0,0.0,0,0.0,0,925
2,5,10,HS_ZiP666,3,1,414.8123,2,44.669235,1,1193
2,5,9,ChR1stmas96,0,1,58.967995,0,0.0,0,1091
2,5,10,Zoovoo_,0,1,213.82642,1,19.075558,0,1475
2,5,2,Amlaith,0,0,35.23488,0,0.0,1,1003
2,5,4,LaNIPUBG,1,0,221.55771,0,0.0,0,1050
2,5,14,ponyash,1,1,81.94678,0,0.0,0,421
2,5,13,jona_____,0,0,0.0,0,0.0,0,182
2,5,7,Akitsyokai,0,0,0.0,0,0.0,0,862
2,5,5,Dao4ka,0,0,0.0,0,0.0,0,1216
2,5,9,hiles8,3,1,532.65765,4,52.42478,1,1680
2,5,3,Temka_001,0,0,28.891392,0,0.0,0,295
2,5,2,Kiyot7ka,3,0,306.58145,3,77.62476,0,1402
2,5,4,SadnesSxWeaknesS,1,0,90.0,1,83.3224,0,1220
2,5,8,UEBANISCHE,2,1,197.14001,2,17.679716,1,1621
2,5,5,TaunaMun,1,0,218.97646,2,108.10633,0,1437
2,5,6,QeJimp,0,0,23.220001,0,0.0,0,365
2,5,14,TumoxaKek,0,0,0.0,0,0.0,0,421
2,5,1,KiskaGrizWW,1,1,331.41003,1,14.840464,0,684
2,5,13,zxc_POCHITA,1,0,100.0,0,0.0,0,266
2,5,6,kingilyaa,0,0,51.608917,0,0.0,0,365
2,5,3,vbunkere67,1,0,63.86,0,0.0,0,295
2,5,9,OleganPNZ,3,1,453.35257,4,40.025257,3,1703
2,5,9,TesSsarion,0,0,58.212376,0,0.0,0,972
2,5,11,r1ryZ,0,0,21.6,0,0.0,0,414
2,5,11,Hanako138,0,1,152.6626,0,0.0,0,1235
2,5,2,ArtLaw,3,0,694.90924,4,45.847813,1,1706
2,5,14,LOPRIK,1,0,89.00001,1,21.88431,0,414
2,5,13,AlexeyMMM,0,0,0.0,0,0.0,0,341
2,5,7,Pure_Sosop,0,0,0.0,0,0.0,0,858
3,6,14,Sosik228,1,0,33.919456,1,314.5296,0,1132
3,6,2,BaH9_kpytou,1,0,142.95758,0,0.0,0,1062
3,6,6,Animesnik096,0,1,29.318296,0,0.0,0,1149
3,6,12,PlayWM15,0,0,57.319504,0,0.0,0,1397
3,6,2,Kak_ect6,1,0,162.57274,0,0.0,0,1151
3,6,7,pavbo,0,0,108.4192,0,0.0,0,1292
3,6,8,cartalej,1,0,100.0,0,0.0,0,321
3,6,12,kikjeck,2,1,180.74643,2,265.50812,0,1397
3,6,1,Ththth1020,0,2,452.9804,0,0.0,1,1810
3,6,7,ZHORANDY,0,0,26.473682,0,0.0,2,1266
3,6,11,feckless_,2,0,466.50558,1,51.02507,2,1853
3,6,8,m00rtal,0,0,0.0,0,0.0,0,307
3,6,8,Agos1337,3,0,266.1242,1,3.3681107,1,321
3,6,12,sympathies1769,1,1,333.5025,2,246.65158,0,1390
3,6,4,naleitechai,1,2,345.46472,1,14.394016,2,1856
3,6,14,GaB_MaD,1,0,100.0,1,12.456581,1,1274
3,6,11,x_zitrex_x,3,0,507.94348,2,18.241707,1,1853
3,6,4,yngyanni,2,2,600.02185,1,55.52933,2,1856
3,6,14,happy5rogue,0,1,39.520565,0,0.0,0,1170
3,6,2,Abq_elitetv,1,0,356.13916,0,0.0,0,1151
3,6,1,GazBro27,0,0,266.45932,0,0.0,0,1810
3,6,1,SHOULD_YT-_-,2,0,472.05405,1,325.44452,0,1810
3,6,10,weqty,1,1,72.33378,1,9.61545,0,835
3,6,7,13Floyd,0,0,157.55936,0,0.0,0,1207
3,6,8,sloau,0,0,0.0,0,0.0,0,321
3,6,1,rdFelixArgyle,3,0,133.65102,3,189.63293,0,1671
3,6,6,Baklaxa,2,0,381.3866,2,97.68987,0,1237
3,6,4,Fuseland,1,3,552.87994,1,30.341002,0,1856
3,6,11,E_x_ta_ZzZ,0,0,66.982,0,0.0,0,1107
3,6,12,unknown_leshka,0,0,103.15405,1,257.48465,1,1397
3,6,3,MovingAVG,0,0,0.0,0,0.0,1,1352
3,6,2,Sonic_Wave2711,0,0,0.0,0,0.0,0,974
3,6,6,gre90ry,1,2,225.29604,1,11.987539,0,1423
3,6,6,Lek5on,2,2,403.79938,2,229.05292,0,1423
3,6,3,Teaplease_,1,0,326.4798,2,16.318602,0,1533
3,6,9,Zizokko,3,0,242.83443,3,95.313866,1,1625
3,6,9,LawrenceCraft,0,2,247.0148,0,0.0,1,1627
3,6,5,GU1AR,0,0,0.0,0,0.0,0,1600
3,6,4,ReBruM,5,2,583.8438,4,225.70738,2,1856
3,6,10,andrxwedits,0,0,74.86622,1,6.059069,2,873
3,6,9,IQ_TOMZZ,2,1,394.69122,2,289.84467,0,1637
3,6,14,Kioto228,1,1,289.77332,0,0.0,0,1310
3,6,10,DEADLY_PANDA03,1,0,123.72888,1,2.9914584,0,298
3,6,10,john1__,1,1,185.60164,1,7.673029,0,879
3,6,7,Stamcos,1,0,209.46503,1,102.540146,0,1278
3,6,11,EzPetooh,1,1,619.028,2,261.40942,1,1853
3,6,9,kickmehorse,2,3,121.109055,1,22.23174,0,1439
3,6,3,Ps1h_,1,0,333.71487,1,8.642065,0,1525
2,6,9,ChR1stmas96,1,1,302.08743,1,117.7551,3,1419
2,6,9,hiles8,0,0,0.0,0,0.0,0,1137
2,6,5,50max,0,0,85.89464,0,0.0,0,1043
2,6,4,LaNIPUBG,2,0,130.72952,1,215.15715,0,1301
2,6,7,kAkASHi_KONCH,3,0,400.96506,3,193.57304,0,1788
2,6,14,ponyash,0,0,0.0,0,0.0,0,111
2,6,12,cniiinw1221,0,1,231.21991,0,0.0,0,1437
2,6,12,bakashiniji,1,0,119.65173,1,85.9033,1,1705
2,6,13,jona_____,3,0,318.78,2,116.963486,0,1469
2,6,3,bogatir,5,5,1041.0719,9,100.60598,1,1791
2,6,10,Zoovoo_,1,0,65.474525,2,231.95201,1,1326
2,6,2,RoninKraken1703,1,0,83.0,0,0.0,0,199
2,6,3,TWITCH-MAYBECH_,2,1,89.774475,2,75.58258,0,1198
2,6,3,vbunkere67,5,3,855.02924,6,78.44883,3,1791
2,6,11,Deqviz_Twitch,0,0,59.039524,0,0.0,0,206
2,6,11,Hanako138,0,0,132.87,0,0.0,0,186
2,6,5,amplumnox,0,1,95.12848,0,0.0,0,1181
2,6,4,poloz0k,1,1,308.056,0,0.0,0,1335
2,6,4,SadnesSxWeaknesS,2,0,191.39691,0,0.0,0,1235
2,6,7,Akitsyokai,0,1,222.66553,1,33.212837,0,1785
2,6,14,LOPRIK,0,0,0.0,0,0.0,0,116
2,6,3,Temka_001,1,1,0.0,0,0.0,0,789
2,6,8,kotee228,1,1,229.04001,2,33.38252,1,1442
2,6,8,UEBANISCHE,2,1,186.88875,2,39.50968,1,860
2,6,12,Rocketq_q,0,1,174.09564,0,0.0,0,1428
2,6,1,TBJpro,0,0,0.0,0,0.0,0,893
2,6,9,TesSsarion,0,0,0.0,0,0.0,0,1183
2,6,11,tyexer,0,0,28.8,0,0.0,0,158
2,6,10,HS_ZiP666,2,1,486.13284,1,321.22726,0,1457
2,6,1,KiskaGrizWW,0,0,0.0,0,0.0,0,901
2,6,8,LowParadox,5,1,378.5968,3,33.19457,2,1510
2,6,6,dallas1995,1,0,132.5499,1,2.299331,0,871
2,6,1,SsSoyer,2,1,217.645,0,0.0,0,1402
2,6,4,SamvinG,0,0,56.232876,0,0.0,0,1242
2,6,2,Kiyot7ka,0,0,0.0,0,0.0,0,105
2,6,12,Frolish,0,0,227.26274,2,74.53295,1,1705
2,6,10,Lamarsky,0,0,0.0,0,0.0,0,1315
2,6,6,kingilyaa,1,0,100.0,0,0.0,0,854
2,6,1,Satamet,2,0,360.98907,2,109.45404,0,1341
2,6,2,Amlaith,0,0,39.950027,0,0.0,0,199
2,6,9,OleganPNZ,1,1,354.8164,1,72.474106,1,1544
2,6,7,DED_B_O6ED,0,2,125.60724,0,0.0,1,1758
2,6,5,TaunaMun,0,0,70.53999,0,0.0,0,1160
2,6,7,Pure_Sosop,1,2,485.47113,1,99.370995,1,1509
2,6,11,r1ryZ,1,0,74.619995,0,0.0,0,223
2,6,14,TheTAIIOK,1,0,100.0,0,0.0,0,235
2,6,8,L0m4kin,3,1,404.01498,4,60.838917,1,1467
2,6,6,QeJimp,0,0,0.0,0,0.0,0,862
2,6,14,TumoxaKek,0,0,0.0,0,0.0,0,99
2,6,2,ArtLaw,1,0,221.26654,1,4.7097926,0,199
2,6,5,Dao4ka,1,1,78.0,0,0.0,0,1183
3,7,6,Lek5on,0,0,37.8,0,0.0,0,740
3,7,10,john1__,1,0,67.5675,0,0.0,0,1656
3,7,14,happy5rogue,0,0,0.0,0,0.0,0,361
3,7,14,GaB_MaD,0,0,0.0,0,0.0,1,371
3,7,9,kickmehorse,1,0,74.76793,1,181.90851,0,1822
3,7,3,MovingAVG,1,0,224.79999,1,39.639416,0,1088
3,7,9,IQ_TOMZZ,2,1,338.55115,2,26.54071,0,1822
3,7,4,yngyanni,1,1,135.376,0,0.0,0,160
3,7,4,ReBruM,1,1,105.0,0,0.0,0,160
3,7,12,kikjeck,1,0,75.0,0,0.0,0,1474
3,7,2,BaH9_kpytou,4,3,688.2997,5,141.26997,1,1819
3,7,7,ZHORANDY,0,0,83.475,0,0.0,0,930
3,7,11,feckless_,0,1,52.800003,0,0.0,0,117
3,7,14,Sosik228,1,0,100.0,0,0.0,0,371
3,7,3,Teaplease_,0,0,0.0,0,0.0,0,995
3,7,10,weqty,0,0,42.808598,0,0.0,0,1355
3,7,6,Baklaxa,0,0,0.0,0,0.0,0,704
3,7,2,Abq_elitetv,1,0,100.0,1,20.837479,1,1023
3,7,4,Fuseland,1,1,160.62401,1,18.934336,0,160
3,7,3,Ps1h_,0,0,138.4067,1,5.6977205,0,994
3,7,6,gre90ry,0,0,0.0,0,0.0,0,740
3,7,6,Animesnik096,0,0,0.0,0,0.0,0,705
3,7,8,sloau,2,0,461.38226,4,43.56416,1,1484
3,7,11,E_x_ta_ZzZ,1,0,0.9999962,1,24.45275,0,187
3,7,7,Stamcos,1,0,168.84045,1,56.563587,0,922
3,7,11,EzPetooh,0,1,133.56,0,0.0,0,201
3,7,1,Ththth1020,0,0,85.157974,1,17.20669,0,1147
3,7,2,Kak_ect6,3,2,353.96777,2,83.60439,0,1610
3,7,11,x_zitrex_x,2,0,251.84,2,27.457972,0,386
3,7,4,naleitechai,0,0,0.0,0,0.0,0,79
3,7,9,Zizokko,0,0,158.34467,1,195.00772,0,1822
3,7,12,PlayWM15,0,1,182.55682,1,19.729818,0,1640
3,7,10,andrxwedits,1,0,214.23329,0,0.0,2,1656
3,7,8,Agos1337,0,0,120.96298,0,0.0,0,1484
3,7,7,13Floyd,2,0,180.0,1,19.95699,0,935
3,7,14,Kioto228,2,0,224.26273,0,0.0,0,281
3,7,12,unknown_leshka,0,1,56.115,0,0.0,0,1640
3,7,1,GazBro27,0,2,95.46,0,0.0,1,925
3,7,1,rdFelixArgyle,3,1,170.83752,3,12.950488,0,1040
3,7,8,m00rtal,0,0,48.31138,1,4.7329106,0,1484
3,7,7,pavbo,2,0,195.61435,1,37.070324,0,901
3,7,12,sympathies1769,3,0,482.8221,3,29.267082,1,1640
3,7,10,DEADLY_PANDA03,0,0,68.08522,0,0.0,0,1375
3,7,1,SHOULD_YT-_-,1,0,245.63249,2,109.911835,1,1049
3,7,2,Sonic_Wave2711,3,2,609.40436,4,34.349247,2,1819
3,7,5,GU1AR,0,0,0.0,0,0.0,0,401
2,7,10,HS_ZiP666,7,0,842.2911,7,21.429157,0,1788
2,7,9,hiles8,1,1,266.46783,1,497.89658,1,1681
2,7,9,OleganPNZ,0,0,0.0,0,0.0,3,1644
2,7,10,Lamarsky,1,1,559.5631,2,39.278755,2,1788
2,7,2,RoninKraken1703,0,0,0.0,0,0.0,0,1450
2,7,3,TWITCH-MAYBECH_,0,0,219.90576,1,288.55786,0,1171
2,7,9,ChR1stmas96,0,0,123.8896,1,94.09229,0,1616
2,7,4,SadnesSxWeaknesS,0,0,51.69552,0,0.0,0,979
2,7,8,L0m4kin,3,1,558.90784,1,30.45141,0,1695
2,7,6,QeJimp,0,0,65.76488,0,0.0,1,1321
2,7,3,Temka_001,2,0,338.31323,2,70.9227,1,1156
2,7,6,dallas1995,0,0,35.447994,0,0.0,0,876
2,7,7,kAkASHi_KONCH,0,0,133.74635,0,0.0,0,1131
2,7,10,Zoovoo_,0,0,86.82755,0,0.0,0,954
2,7,11,r1ryZ,0,1,220.35727,0,0.0,2,1748
2,7,4,LaNIPUBG,3,1,219.3706,1,49.88068,2,978
2,7,2,ArtLaw,3,0,304.92255,4,84.345505,0,1450
2,7,4,poloz0k,0,0,132.4409,0,0.0,0,899
2,7,6,kingilyaa,1,0,87.67795,0,0.0,0,1321
2,7,3,bogatir,0,1,65.475,0,0.0,0,1172
2,7,7,Pure_Sosop,3,0,336.46722,2,151.66833,0,1160
2,7,5,amplumnox,0,1,247.75157,0,0.0,0,447
2,7,12,bakashiniji,0,0,50.32021,0,0.0,0,1086
2,7,11,tyexer,3,1,576.7665,4,137.51727,1,1732
2,7,11,Hanako138,4,2,715.72015,4,325.46588,0,1737
2,7,1,KiskaGrizWW,0,0,49.711575,0,0.0,0,1048
2,7,5,Dao4ka,0,0,70.799995,0,0.0,0,414
2,7,8,kotee228,4,1,470.93665,3,76.54411,2,1785
2,7,2,Amlaith,0,0,55.8,0,0.0,0,811
2,7,1,TBJpro,1,0,153.15222,1,508.2635,0,965
2,7,2,Kiyot7ka,2,2,342.01764,2,25.062841,0,1326
2,7,9,TesSsarion,0,0,269.1002,0,0.0,1,1643
2,7,1,Satamet,2,0,358.72876,1,71.47294,0,1048
2,7,11,Deqviz_Twitch,3,3,646.26953,2,16.2697,0,1644
2,7,13,jona_____,1,0,156.76001,0,0.0,0,213
2,7,5,50max,1,0,75.0,0,0.0,0,441
2,7,7,Akitsyokai,0,1,31.110365,0,0.0,0,1172
2,7,5,TaunaMun,0,0,59.68146,1,6.104362,1,397
2,7,12,Frolish,1,0,122.57032,1,47.136074,0,1160
2,7,12,Rocketq_q,1,0,283.0079,1,29.391323,0,1443
2,7,8,LowParadox,1,0,198.01599,0,0.0,0,1302
2,7,14,TheTAIIOK,0,0,0.0,0,0.0,0,850
2,7,3,vbunkere67,0,0,187.20734,0,0.0,0,1172
2,7,8,UEBANISCHE,1,0,177.84225,1,41.894764,0,1679
2,7,4,SamvinG,1,0,32.165268,0,0.0,2,973
2,7,7,DED_B_O6ED,3,1,373.06726,2,23.397833,0,1172
2,7,12,cniiinw1221,0,0,0.0,0,0.0,1,1429
2,7,14,TumoxaKek,1,0,100.0,0,0.0,0,1007
2,7,1,SsSoyer,0,0,0.0,0,0.0,0,1048
3,8,3,Teaplease_,0,0,24.887186,0,0.0,0,1169
3,8,14,happy5rogue,2,0,129.19832,0,0.0,3,1481
3,8,9,kickmehorse,0,0,0.0,0,0.0,0,823
3,8,8,m00rtal,0,0,114.42173,0,0.0,3,1565
3,8,8,sloau,3,0,335.57718,2,14.252891,1,1556
3,8,3,MovingAVG,0,0,101.111404,0,0.0,0,1695
3,8,12,unknown_leshka,2,1,204.31625,1,109.003075,1,1330
3,8,1,Ththth1020,0,0,0.0,0,0.0,0,308
3,8,7,Stamcos,0,0,26.4,0,0.0,0,1179
3,8,2,Sonic_Wave2711,2,0,200.0,1,17.755129,0,358
3,8,11,feckless_,1,1,239.78194,1,26.011774,2,519
3,8,5,GU1AR,0,0,0.0,0,0.0,0,1456
3,8,7,13Floyd,1,0,169.14474,1,543.7174,0,1188
3,8,12,PlayWM15,6,1,362.02335,4,98.31043,1,1330
3,8,1,rdFelixArgyle,2,0,138.77315,2,42.45742,0,347
3,8,11,E_x_ta_ZzZ,0,1,78.689995,0,0.0,0,367
3,8,2,Kak_ect6,0,0,0.0,0,0.0,1,295
3,8,9,Zizokko,0,0,52.551456,0,0.0,0,844
3,8,10,andrxwedits,0,1,199.02597,0,0.0,1,1658
3,8,9,IQ_TOMZZ,1,0,235.77464,0,0.0,0,873
3,8,4,naleitechai,0,0,138.0069,0,0.0,3,1698
3,8,2,Abq_elitetv,1,1,197.785,1,0.90455,0,358
3,8,4,Fuseland,4,5,761.01514,6,110.17198,0,1698
3,8,1,SHOULD_YT-_-,8,1,833.8992,4,26.08905,1,1264
3,8,11,EzPetooh,1,0,185.08643,1,3.0303025,0,519
3,8,6,gre90ry,2,0,92.0,2,8.48484,0,501
3,8,12,sympathies1769,1,3,394.92245,0,0.0,0,1328
3,8,7,pavbo,0,0,22.515,0,0.0,0,1026
3,8,11,x_zitrex_x,1,1,225.9837,1,8.026524,1,519
3,8,6,Lek5on,0,0,152.6,0,0.0,0,337
3,8,10,DEADLY_PANDA03,1,0,50.752655,1,65.398155,3,1665
3,8,10,weqty,0,0,136.73813,1,26.251183,2,1665
3,8,8,Agos1337,2,2,285.8029,1,61.6393,0,1565
3,8,1,GazBro27,1,0,107.33721,0,0.0,0,1147
3,8,7,ZHORANDY,1,0,197.52583,0,0.0,0,1211
3,8,14,GaB_MaD,1,0,156.24998,1,9.602199,0,1493
3,8,9,LawrenceCraft,0,0,0.0,0,0.0,0,873
3,8,3,Ps1h_,0,0,18.983948,0,0.0,0,1174
3,8,3,midasVeno,0,0,72.409256,0,0.0,0,1184
3,8,12,kikjeck,1,2,310.8,1,57.482296,0,1330
3,8,6,Animesnik096,0,0,0.0,0,0.0,0,298
3,8,6,Baklaxa,5,2,649.38556,2,19.53793,0,821
3,8,14,Sosik228,1,0,291.84268,1,23.248108,0,1169
3,8,10,john1__,0,0,166.3913,0,0.0,0,1665
3,8,4,ReBruM,7,1,830.3997,9,307.68445,2,1698
3,8,14,Kioto228,0,1,191.34467,0,0.0,2,1254
3,8,2,BaH9_kpytou,0,0,0.0,0,0.0,0,308
2,8,8,L0m4kin,0,0,63.486572,0,0.0,0,1039
2,8,3,Temka_001,2,1,423.17825,1,208.39362,0,1436
2,8,11,r1ryZ,2,1,262.9161,1,89.501015,1,1545
2,8,2,Amlaith,0,0,52.672478,0,0.0,0,1476
2,8,4,SadnesSxWeaknesS,0,0,0.0,0,0.0,0,436
2,8,5,50max,2,0,100.0,0,0.0,1,1190
2,8,9,hiles8,2,1,122.71772,2,20.348871,0,1249
2,8,4,poloz0k,1,0,234.7014,0,0.0,1,427
2,8,7,kAkASHi_KONCH,1,0,219.33615,0,0.0,0,1094
2,8,10,Zoovoo_,2,0,130.51608,2,43.49095,1,1180
2,8,10,Lamarsky,0,1,112.41887,0,0.0,0,1158
2,8,2,Kiyot7ka,3,0,284.51868,1,19.605064,1,1467
2,8,6,dallas1995,0,0,0.0,0,0.0,0,472
2,8,11,Deqviz_Twitch,0,0,0.0,0,0.0,1,857
2,8,12,Frolish,2,3,415.67197,1,46.18669,0,1598
2,8,2,ArtLaw,3,1,886.06305,3,118.37252,1,1474
2,8,9,ChR1stmas96,1,0,128.43188,1,45.98253,1,1234
2,8,8,UEBANISCHE,0,0,57.845177,0,0.0,1,1782
2,8,13,jona_____,0,0,0.0,0,0.0,0,100
2,8,8,kotee228,1,0,408.57803,1,90.866,1,1782
2,8,5,Dao4ka,1,0,174.16568,0,0.0,1,1143
2,8,11,tyexer,2,1,227.02966,0,0.0,1,1545
2,8,4,LaNIPUBG,1,0,226.54294,2,66.27587,0,436
2,8,1,TBJpro,5,2,750.0159,3,118.29384,0,1652
2,8,9,TesSsarion,2,1,202.42888,1,122.305046,0,1171
2,8,5,amplumnox,1,0,162.04,1,60.553944,0,1188
2,8,5,TaunaMun,0,0,266.40866,0,0.0,1,1142
2,8,12,Rocketq_q,7,3,1183.1501,10,248.08159,2,1785
2,8,1,Satamet,3,2,526.42816,1,214.64032,0,1615
2,8,14,TheTAIIOK,0,0,0.0,0,0.0,0,1013
2,8,7,DED_B_O6ED,1,0,257.22345,1,105.084816,0,1094
2,8,12,bakashiniji,0,1,47.52942,0,0.0,1,1387
2,8,7,Akitsyokai,0,0,0.0,0,0.0,1,1090
2,8,7,Pure_Sosop,0,0,0.0,0,0.0,0,1050
2,8,11,Hanako138,3,1,635.1536,2,326.0725,1,1545
2,8,12,cniiinw1221,2,3,277.51303,3,198.52704,0,1785
2,8,9,OleganPNZ,0,1,33.938065,0,0.0,0,1145
2,8,8,LowParadox,0,0,63.516865,0,0.0,0,972
2,8,14,TumoxaKek,0,0,53.320484,0,0.0,0,1045
2,8,2,RoninKraken1703,0,0,53.159378,0,0.0,0,433
2,8,1,SsSoyer,0,1,213.95369,2,135.65775,0,1606
2,8,10,HS_ZiP666,0,1,124.0051,0,0.0,0,1141
2,8,3,TWITCH-MAYBECH_,2,1,448.63354,3,101.41498,3,1265
2,8,3,bogatir,0,0,196.92903,0,0.0,0,1159
2,8,4,SamvinG,0,0,0.0,0,0.0,0,436
2,8,1,KiskaGrizWW,0,1,87.816605,0,0.0,0,1652
2,8,3,vbunkere67,0,1,192.20135,1,110.04366,0,992
