playerId,level,assists_normal,dBNOs_normal,damageDealt_normal,kills_normal,revives_normal,wins_normal,roundsPlayed_normal,assists_ranked,dBNOs_ranked,damageDealt_ranked,kills_ranked,revives_ranked,wins_ranked,roundsPlayed_ranked
account.af7aa7d05f4b460bb761b618120e2d7b,124,0.2727272727272727,0.7555555555555555,120.18823555555556,0.8868686868686869,0.41818181818181815,0.050505050505050504,495,0.0,0.0,0.0,0.0,0.0,0.0,0
account.8be9180eb1934cd2982d8a9ae22fe11c,238,0.2617801047120419,0.7643979057591623,133.01435151832462,0.7539267015706806,0.15706806282722513,0.005235602094240838,191,0.5,0.7380952380952381,163.84291904761903,0.7857142857142857,0.0,0.09523809523809523,42
account.0b4c03db81414215b0ba16601c8a6bd3,101,0.2911392405063291,0.5632911392405063,96.86932120253165,0.5822784810126582,0.2689873417721519,0.04746835443037975,316,0.09090909090909091,0.18181818181818182,51.48685454545455,0.13636363636363635,0.0,0.09090909090909091,22
account.772830632ea24f458dd8b02e735af304,416,0.44713656387665196,1.105726872246696,205.46588546255506,1.2621145374449338,0.31497797356828194,0.06387665198237885,454,0.22950819672131148,0.8032786885245902,149.2989180327869,0.5573770491803278,0.0,0.08196721311475409,61
account.ff3850a8cdbb42269a8704805c4044af,360,0.3591549295774648,1.4929577464788732,216.44500632394366,1.1971830985915493,0.4084507042253521,0.035211267605633804,142,0.0,0.0,0.0,0.0,0.0,0.0,0
account.0a63bc334dd140668da6652cdab6a17e,50,0.09523809523809523,0.13333333333333333,21.22159685714286,0.047619047619047616,0.3047619047619048,0.01904761904761905,105,0.0,0.0,0.0,0.0,0.0,0.0,0
account.9524c9f544aa440b94977d1d827cfaba,566,0.43333333333333335,1.3333333333333333,246.5509142857143,1.3047619047619048,0.29523809523809524,0.07142857142857142,210,0.6,0.525,162.647279,0.4,0.0,0.075,40
account.f067ca6ed7a34af6aceabc99da10eeb8,313,0.3303303303303303,1.1636636636636637,193.71063213213213,1.1531531531531531,0.49099099099099097,0.046546546546546545,666,0.2222222222222222,0.7777777777777778,120.1366,0.6,0.0,0.06666666666666667,45
account.1171bda1d5854d01b5c297d504bf3227,861,0.32270916334661354,1.50199203187251,282.8358804780877,2.0318725099601593,0.3386454183266932,0.03187250996015936,251,0.0,0.8,101.77379333333333,0.4666666666666667,0.0,0.0,15
account.30d8e96863de4d03a7ed25b25c082018,97,0.4065040650406504,1.5691056910569106,233.83303642276425,1.7317073170731707,0.3252032520325203,0.056910569105691054,123,0.0,0.0,0.0,0.0,0.0,0.0,0
account.126767b081e444f0b8e87f6ddf9f4650,52,0.4470588235294118,0.9411764705882353,171.54526470588235,1.1176470588235294,0.2823529411764706,0.16470588235294117,85,0.0,0.0,0.0,0.0,0.0,0.0,0
account.4bcd45f6683d42a6b10776b01f4f5d3b,334,0.5398773006134969,0.8773006134969326,189.28540368098157,1.2147239263803682,0.3987730061349693,0.049079754601226995,163,0.18181818181818182,0.6363636363636364,119.97886363636363,0.45454545454545453,0.0,0.0,11
account.a0c7ca8388a44dcab8347ea04e0a026e,249,0.4548611111111111,1.2881944444444444,206.59067083333335,1.2083333333333333,0.2881944444444444,0.03819444444444445,288,0.0,0.0,0.0,0.0,0.0,0.0,0
account.9c7fe3ef8d664b38a98546205063357d,164,0.48333333333333334,0.9366666666666666,165.303502,0.9166666666666666,0.38666666666666666,0.02666666666666667,300,0.125,0.375,56.6391625,0.375,0.0,0.0,8
account.ad5ce74144584854ae271fa6731d03c6,334,0.28482003129890454,1.0438184663536776,176.1160594679186,1.0688575899843507,0.3677621283255086,0.012519561815336464,639,0.0,0.0,0.0,0.0,0.0,0.0,0
account.0a0f5a8b434c402c932961dd8ca2603e,85,0.4318181818181818,0.8560606060606061,125.6220962121212,0.9242424242424242,0.3787878787878788,0.045454545454545456,132,0.0,0.0,0.0,0.0,0.0,0.0,0
account.a20ed9eab5a246338cbb6c45dc6f4530,33,0.0,1.0,254.9295,2.0,0.0,0.0,1,0.0,0.0,0.0,0.0,0.0,0.0,0
account.c6a674b4e64a427fb3cad5eb3f11caf3,77,0.2364341085271318,0.9767441860465116,161.42793294573644,1.1472868217054264,0.31007751937984496,0.007751937984496124,258,0.0,0.0,0.0,0.0,0.0,0.0,0
account.0a16680b3164413f900adc9227d0623e,449,0.4382077794190054,1.3126538650910882,206.1976918759232,1.2171344165435747,0.690792712949286,0.07336287543082226,2031,0.0,0.0,0.0,0.0,0.0,0.0,0
account.3d7aed5e7e9144059813a5b3e98433a8,207,0.28927911275415896,0.5462107208872459,82.74542421441774,0.5600739371534196,0.30591497227356745,0.06746765249537892,1082,0.0,0.0,0.0,0.0,0.0,0.0,0
account.2a85808febba4a4a9e30f0d8926a9abb,88,0.24742268041237114,0.38144329896907214,66.51442835051546,0.35051546391752575,0.4587628865979381,0.08247422680412371,194,0.0,0.0,0.0,0.0,0.0,0.0,0
account.ab0ad7a6d2da4447987a790c8c2dccb4,861,0.43342036553524804,1.2088772845953002,196.06873655352481,1.279373368146214,0.3237597911227154,0.033942558746736295,383,0.36363636363636365,0.9292929292929293,180.2947575757576,0.8585858585858586,0.0,0.06060606060606061,198
account.b11cd34f6af847b6bdd34e4e56699820,190,0.32398753894080995,0.956386292834891,151.12494641744547,0.9657320872274143,0.37383177570093457,0.021806853582554516,321,0.2571428571428571,0.6,109.43532285714286,0.45714285714285713,0.0,0.05714285714285714,35
account.56d873d65216448488ec1ae8d5b436f2,185,0.2003577817531306,0.6905187835420393,128.78752025044724,0.964221824686941,0.23255813953488372,0.012522361359570662,559,0.0,0.0,0.0,0.0,0.0,0.0,0
account.d8c319933ad84c55a62c057124fdea3a,634,0.3143459915611814,1.1940928270042195,216.822944092827,1.3016877637130801,0.36075949367088606,0.029535864978902954,474,0.4444444444444444,1.1111111111111112,209.14185925925926,1.0,0.0,0.07407407407407407,27
account.d0ffb80e59684d4ca7a6c7ab56774bf3,133,0.29838709677419356,0.9032258064516129,155.9993427419355,0.967741935483871,0.24193548387096775,0.04838709677419355,124,0.0,0.0,0.0,0.0,0.0,0.0,0
account.43d8265e3fa246b4996d6251ce546d30,128,0.18518518518518517,0.25925925925925924,65.27255814814815,0.2222222222222222,0.3333333333333333,0.0,27,0.0,0.0,0.0,0.0,0.0,0.0,0
account.2ca9d05561234326a93aa73acc3aec4c,532,0.3058823529411765,0.8823529411764706,187.66168470588235,1.0941176470588236,0.3176470588235294,0.023529411764705882,85,0.2111801242236025,0.5341614906832298,113.47636894409938,0.39751552795031053,0.0,0.055900621118012424,161
account.3e26052712d64472a730518d89035ae4,77,0.37799043062200954,1.1531100478468899,200.58825550239234,1.3492822966507176,0.18181818181818182,0.0430622009569378,209,0.0,0.0,0.0,0.0,0.0,0.0,0
account.25f467d393b849fa9cec5fe0a5841aee,206,0.45652173913043476,1.0724637681159421,211.29843985507247,1.2173913043478262,0.34057971014492755,0.050724637681159424,138,0.0,0.0,0.0,0.0,0.0,0.0,0
account.5ced1e146c634e46a962772ec58d93fb,414,0.42080378250591016,1.408983451536643,245.529811820331,1.3853427895981087,0.30969267139479906,0.03309692671394799,423,0.42391304347826086,0.8260869565217391,185.90959782608698,0.8369565217391305,0.0,0.07608695652173914,92
account.687adb4e75a943899a1db9b3523d3c66,124,0.4139194139194139,1.315018315018315,198.66628124542123,1.3278388278388278,0.3241758241758242,0.040293040293040296,546,0.0,0.0,0.0,0.0,0.0,0.0,0
account.0ea4bcda46b9492f9118eb3b75cc425f,54,0.18518518518518517,0.2222222222222222,44.55513222222222,0.25925925925925924,0.25925925925925924,0.0,27,0.0,0.0,0.0,0.0,0.0,0.0,0
account.0f96cae038bc48419d8e52dd5102e9e6,1220,0.26571668063704945,0.9991617770326907,212.48902221290865,1.2472757753562447,0.2774518021793797,0.01592623637887678,1193,0.3917525773195876,0.865979381443299,187.23896082474226,0.9072164948453608,0.0,0.05154639175257732,97
account.9bd7d7a697af41769eace6d201ba82f4,68,0.6,0.7857142857142857,136.9650342857143,0.9,0.35714285714285715,0.11428571428571428,70,0.0,0.0,0.0,0.0,0.0,0.0,0
account.d7c059255cfd46d5a0f466f3ab1c4756,566,0.4019607843137255,0.9133986928104575,153.96286254084967,0.8774509803921569,0.5285947712418301,0.08455882352941177,2448,0.0,0.0,0.0,0.0,0.0,0.0,0
account.830c0f15b2ee449d95e0e0986db77e00,230,0.3793103448275862,1.7241379310344827,265.96219137931035,1.6206896551724137,0.41379310344827586,0.017241379310344827,58,0.0,0.0,0.0,0.0,0.0,0.0,0
account.0dbbd1fb4043431fbedb8ba450f76937,200,0.09090909090909091,0.6363636363636364,83.12886272727272,0.45454545454545453,0.36363636363636365,0.0,11,0.0,0.0,0.0,0.0,0.0,0.0,0
account.4bbe06b2ba964190baa22df9a93cff35,106,0.21777777777777776,0.5511111111111111,100.00765577777779,0.6222222222222222,0.4444444444444444,0.04,225,0.0,0.0,0.0,0.0,0.0,0.0,0
account.5ff9be1ba0d041b1a1ef89b3f733a99f,828,0.48158640226628896,1.5042492917847026,284.33541359773375,1.8781869688385269,0.24645892351274787,0.07932011331444759,353,0.2,0.95,164.57544000000001,0.7,0.0,0.05,20
account.74fc583465b94382a979bacb13339902,736,0.4107142857142857,1.6294642857142858,256.8687544642857,1.4375,0.3638392857142857,0.044642857142857144,448,0.2755905511811024,0.6850393700787402,146.8145433070866,0.5748031496062992,0.0,0.047244094488188976,127
account.75463a1f84d54aac88505a86d33509b9,124,0.4150537634408602,0.956989247311828,163.95419225806447,1.060215053763441,0.3247311827956989,0.060215053763440864,465,0.0,0.0,0.0,0.0,0.0,0.0,0
account.50f468c65b0c40c1a0b1e3130ec5cf91,237,0.35934664246823955,1.2704174228675136,207.9304493284937,1.132486388384755,0.3248638838475499,0.038112522686025406,551,0.0,0.0,0.0,0.0,0.0,0.0,0
account.ac4d0ecc5a744e63b7265a1f409b8e1f,432,0.23295454545454544,1.3224431818181819,244.88344460227273,1.390625,0.23295454545454544,0.009943181818181818,704,0.34285714285714286,0.88,178.02677314285714,0.7714285714285715,0.0,0.05142857142857143,175
account.a554fe43850a43ddbaa0805c7fe86230,902,0.39641434262948205,1.3874501992031874,221.09386668326692,1.2908366533864541,0.351593625498008,0.045816733067729085,1004,0.29901960784313725,0.5686274509803921,139.51146176470587,0.553921568627451,0.0,0.06862745098039216,204
account.883dbd5999f94031b69a76b8f66a7e8f,339,0.3978494623655914,1.010752688172043,160.59080143369175,1.0304659498207884,0.25627240143369173,0.023297491039426525,558,0.2,0.4,104.01972599999999,0.2,0.0,0.0,5
account.2c5a1ec4983145b4ace8764d83fc63ad,102,0.28368794326241137,0.9290780141843972,174.37847021276596,0.9716312056737588,0.22695035460992907,0.0070921985815602835,141,0.0,0.0,0.0,0.0,0.0,0.0,0
account.9898a626d67643359e71b2a7cd4895bb,664,0.2854330708661417,0.9724409448818898,178.69980019685036,0.9980314960629921,0.3169291338582677,0.027559055118110236,508,0.42857142857142855,0.0,59.777561428571424,0.0,0.0,0.0,7
account.b2dfebae85244aed9e873f1c724a36c0,178,0.2977941176470588,0.7904411764705882,131.6525617647059,0.7757352941176471,0.2757352941176471,0.05514705882352941,272,0.22580645161290322,0.41935483870967744,79.11190322580646,0.3064516129032258,0.0,0.08064516129032258,62
account.c7c2aadc11ee4bcb984499cf555714ad,392,0.3711151736745887,1.360146252285192,212.9877659963437,1.3839122486288848,0.3235831809872029,0.05301645338208409,547,0.2962962962962963,0.4074074074074074,122.57941666666667,0.3333333333333333,0.0,0.037037037037037035,27
account.6831763869d441e78534c5841769ad62,138,0.24404761904761904,0.9464285714285714,175.98185083333334,1.1904761904761905,0.27976190476190477,0.005952380952380952,168,0.0,0.0,0.0,0.0,0.0,0.0,0
account.25e035a5c17d4146a8c0c80bd1529529,358,0.3188405797101449,0.855072463768116,143.39777028985506,0.7789855072463768,0.39492753623188404,0.07971014492753623,276,0.3939393939393939,0.9696969696969697,137.20426363636363,0.6666666666666666,0.0,0.09090909090909091,33
account.a924cd29815f4cce98a8029cf2d5d5d2,217,0.4897959183673469,1.4761904761904763,243.127469047619,1.2993197278911566,0.564625850340136,0.05442176870748299,147,0.3181818181818182,1.2545454545454546,211.88592727272726,1.0363636363636364,0.0,0.07272727272727272,110
account.911ef96a0d6f4e62b5a8054ba5cd0757,304,0.3895582329317269,1.0923694779116466,189.6412048192771,1.0160642570281124,0.3132530120481928,0.04417670682730924,249,0.2868217054263566,0.8914728682170543,166.0434592248062,0.8372093023255814,0.0,0.06201550387596899,129
account.5e218c5272b746eaa2f36be6ea5b32d1,241,0.24358974358974358,0.6196581196581197,112.13835142450141,0.7535612535612536,0.15669515669515668,0.011396011396011397,702,0.0,0.0,0.0,0.0,0.0,0.0,0
account.17daad7848f542dfaf1d8a4fc1c3c0d2,187,0.4174757281553398,1.766990291262136,248.17988932038833,1.6310679611650485,0.3592233009708738,0.04854368932038835,103,0.2638888888888889,0.8888888888888888,156.4419208333333,0.7916666666666666,0.0,0.06944444444444445,72
account.846d79fe33fa40708f61a47f376d0b8a,554,0.3615477629987908,1.2914147521160821,195.333700120919,1.3784764207980653,0.4957678355501814,0.030229746070133012,827,0.0,0.0,0.0,0.0,0.0,0.0,0
account.b8fb1b6776664a0894de451acf7720d1,310,0.3769363166953528,0.9845094664371773,178.26735800344235,1.0671256454388984,0.33218588640275387,0.029259896729776247,581,0.0,0.0,0.0,0.0,0.0,0.0,0
account.11b34e080c514c1484e780f18dd357bd,342,0.44220183486238535,1.3706422018348623,251.569292293578,1.453211009174312,0.3486238532110092,0.045871559633027525,545,0.4,1.2769230769230768,218.40603076923077,0.9846153846153847,0.0,0.07692307692307693,65
account.46771c5ffc27498fae4d59397de05fa7,750,0.3978021978021978,1.0637362637362637,174.14991054945057,1.024175824175824,0.4065934065934066,0.04835164835164835,455,0.3,0.54,114.2198884,0.48,0.0,0.08,50
account.79568d49e7064d1989e0346faef93522,147,0.4262295081967213,1.1639344262295082,162.63037213114754,1.0655737704918034,0.21311475409836064,0.08196721311475409,61,0.0,0.0,0.0,0.0,0.0,0.0,0
account.d8b7ee7a629243c0b2aaac2205f92d64,617,0.41228070175438597,1.131578947368421,188.22047675438597,1.1973684210526316,0.3333333333333333,0.043859649122807015,228,0.0,0.0,0.0,0.0,0.0,0.0,0
account.9f950a9728e04c49b3d6a3423d035727,420,0.48419721871049304,1.6245259165613148,262.74585107458915,1.5448798988621997,0.43489254108723135,0.07079646017699115,791,0.0,0.0,0.0,0.0,0.0,0.0,0
account.aca8f69cb11646c599043acd7513f7bd,95,0.2675438596491228,0.7456140350877193,134.7285875,0.7850877192982456,0.2236842105263158,0.06140350877192982,228,0.0,0.0,0.0,0.0,0.0,0.0,0
account.27b93d51c0d249738dd45e6a08962e61,225,0.389010989010989,1.2637362637362637,190.18532973406593,1.2065934065934065,0.35384615384615387,0.041758241758241756,455,0.3673469387755102,0.7857142857142857,156.61003061224488,0.7653061224489796,0.0,0.08163265306122448,98
account.6c09183f5c774093935f6dcfbb9830f2,287,0.42073170731707316,1.396341463414634,198.84427420731706,1.2926829268292683,0.42073170731707316,0.036585365853658534,164,0.0,0.0,0.0,0.0,0.0,0.0,0
account.8ede073bae694077933b1c40c6017634,853,0.30198019801980197,0.9653465346534653,170.75426608910888,1.0643564356435644,0.38613861386138615,0.0297029702970297,202,0.0,0.0,0.0,0.0,0.0,0.0,0
account.e5ac11bb96ef4de9afd10df58779da93,66,0.47058823529411764,0.7941176470588235,105.62283235294117,1.0294117647058822,0.38235294117647056,0.0,34,0.0,0.0,0.0,0.0,0.0,0.0,0
account.0621a5da9ddc42cb9e57a9fa9b5e99a0,26,0.0,0.0,31.838579999999997,0.0,0.3333333333333333,0.0,3,0.0,0.0,0.0,0.0,0.0,0.0,0
account.e89e7c86a53740b9b75a262f4cfbc03a,69,0.37628865979381443,0.9381443298969072,165.64046907216493,0.9690721649484536,0.422680412371134,0.05154639175257732,194,0.0,0.0,0.0,0.0,0.0,0.0,0
account.9f25a8a9cfcb4e3894c11bb9e2b5976d,258,0.36923076923076925,0.9807692307692307,174.2992076923077,0.9884615384615385,0.36153846153846153,0.023076923076923078,260,0.0,0.0,0.0,0.0,0.0,0.0,0
account.b57dc6f54fc54c9f8265ac6bb288ac0d,832,0.3275862068965517,0.8472906403940886,156.361702955665,0.7733990147783252,0.23399014778325122,0.04187192118226601,406,0.21739130434782608,0.5978260869565217,109.16678260869567,0.483695652173913,0.0,0.06521739130434782,184
account.9c35037a1a774c7fbcf1e1f24a0c700c,580,0.20603015075376885,0.8040201005025126,133.2146221105528,0.8341708542713567,0.23115577889447236,0.04522613065326633,199,0.0,0.0,0.0,0.0,0.0,0.0,0
account.7501adfa80af40cbb5a56ab880bbd2e2,286,0.2590909090909091,1.146969696969697,198.52357992424243,1.268181818181818,0.2681818181818182,0.00909090909090909,660,0.2830188679245283,1.0188679245283019,178.49945283018866,0.8679245283018868,0.0,0.0,53
account.612ef2da54234a85a7f84588915b4e80,216,0.41237113402061853,1.1185567010309279,185.15427664948456,1.1082474226804124,0.35051546391752575,0.030927835051546393,194,0.18421052631578946,0.5789473684210527,88.62835921052633,0.5131578947368421,0.0,0.06578947368421052,76
account.747e03f4c96048099b116d43a0af455e,83,0.43103448275862066,1.3275862068965518,248.73624999999998,1.5862068965517242,0.27586206896551724,0.0603448275862069,116,0.0,0.0,0.0,0.0,0.0,0.0,0
account.f7be20a1bd1c4697877c4737b008cf7b,113,0.46153846153846156,1.0,174.86973076923078,1.3461538461538463,0.17307692307692307,0.038461538461538464,52,0.09090909090909091,0.11363636363636363,31.25174772727273,0.06818181818181818,0.0,0.022727272727272728,44
account.424b78491fef408791fb64d41e210610,102,0.43902439024390244,0.8689024390243902,146.32267317073172,0.8536585365853658,0.46646341463414637,0.0975609756097561,328,0.0,0.0,0.0,0.0,0.0,0.0,0
account.0064aa62ccec49db8e57cb37174a9b06,101,0.3023255813953488,1.0155038759689923,150.55078914728682,0.7984496124031008,0.26356589147286824,0.031007751937984496,129,0.0,0.0,0.0,0.0,0.0,0.0,0
account.377f53fa30164d88b7a0a288162f174d,628,0.3031161473087819,1.0632672332389046,195.2234192634561,1.1218130311614731,0.3305004721435316,0.027384324834749764,1059,0.0,0.0,0.0,0.0,0.0,0.0,0
account.2c160619d544476cbffab2becb7c8478,292,0.45041322314049587,1.0289256198347108,182.95866942148757,1.1053719008264462,0.3119834710743802,0.07231404958677685,484,0.0,0.0,0.0,0.0,0.0,0.0,0
account.4e507d137abb41dca8d6fcac0ec95a7c,726,0.3509933774834437,1.0037842951750235,175.58842667928099,1.1220435193945129,0.2961210974456008,0.0293282876064333,1057,0.21195652173913043,0.5760869565217391,119.19728369565216,0.4945652173913043,0.0,0.02717391304347826,184
account.b4ecdd2d0f8a4fff9b52f2f2911df696,271,0.358,1.161,201.21199289999998,1.267,0.304,0.036,1000,0.875,0.625,156.2405375,0.5,0.0,0.125,8
account.40f0cccc7a0643a4ae084668b6cec53f,321,0.4298642533936652,1.0995475113122173,194.30792126696835,1.090497737556561,0.35294117647058826,0.049773755656108594,221,0.0,0.0,0.0,0.0,0.0,0.0,0
account.516cc1d6070b415d917cc948a9404a44,124,0.2744479495268139,0.6151419558359621,108.68451735015772,0.6088328075709779,0.24290220820189273,0.07570977917981073,317,0.23333333333333334,0.3333333333333333,73.35944666666666,0.26666666666666666,0.0,0.06666666666666667,30
account.05166ee008d444398a3a37ec043c8e22,672,0.2794871794871795,1.0615384615384615,186.87221923076925,1.1217948717948718,0.2858974358974359,0.020512820512820513,780,0.2222222222222222,0.5555555555555556,145.77568518518518,0.7037037037037037,0.0,0.037037037037037035,27
account.1743431b22424005b6174a4593ee28fd,609,0.0,0.0,0.0,0.0,0.0,0.0,0,0.6,0.2,49.065104000000005,0.2,0.0,0.0,5
account.3182e446e2e1453fb98de819ae837efc,54,0.3181818181818182,1.4545454545454546,212.9373851818182,1.4,0.2727272727272727,0.1,110,0.0,0.0,0.0,0.0,0.0,0.0,0
account.85a259bed1f24a7a80f469fc956bade9,749,0.3940677966101695,0.9449152542372882,185.00581714406783,1.0932203389830508,0.288135593220339,0.029661016949152543,236,0.0,0.0,0.0,0.0,0.0,0.0,0
account.f5b27630486845b38e177683a19baa06,66,0.6129032258064516,1.1290322580645162,178.06708612903225,1.1290322580645162,0.1935483870967742,0.03225806451612903,31,0.0,0.0,0.0,0.0,0.0,0.0,0
account.777bd6f491e6441899832a41824eb00c,253,0.3359580052493438,0.8123359580052494,127.46162611548556,0.8818897637795275,0.35826771653543305,0.03543307086614173,762,0.0,0.5,46.751083333333334,0.16666666666666666,0.0,0.0,6
account.fedfaa1f7ce740e2816637357917943f,58,0.3900709219858156,1.2198581560283688,160.51086865957447,1.4184397163120568,0.3971631205673759,0.0425531914893617,141,0.0,0.0,0.0,0.0,0.0,0.0,0
account.b7cdd09d0d6f4463a0d29e32e3d01738,83,0.31746031746031744,0.7936507936507936,146.41708476190476,1.0,0.3492063492063492,0.037037037037037035,189,0.0,0.0,0.0,0.0,0.0,0.0,0
account.8271295704c248a4ad95c4ede3916431,334,0.2629310344827586,1.0646551724137931,213.04691637931035,1.0905172413793103,0.29310344827586204,0.017241379310344827,232,0.2857142857142857,0.5535714285714286,104.62407142857144,0.4107142857142857,0.0,0.07142857142857142,56
account.5c5afed4f9564cec917d97aa56416cb4,258,0.26804123711340205,0.5742268041237113,103.48620536082475,0.6443298969072165,0.19072164948453607,0.042268041237113405,970,0.125,0.35,64.366165,0.175,0.0,0.0125,80
account.2ded10baf1fb4c689d28467151ee9dce,111,0.3592233009708738,1.0679611650485437,171.48435339805826,1.0485436893203883,0.3592233009708738,0.019417475728155338,103,0.0,0.0,0.0,0.0,0.0,0.0,0
account.0040a9a2585847c9a88f3764d0d4c1f9,119,0.417910447761194,1.0746268656716418,162.91000149253733,1.2388059701492538,0.3283582089552239,0.029850746268656716,67,0.0,0.0,0.0,0.0,0.0,0.0,0
account.43aea2ee128343aabe67a745f88b6f8c,52,0.3854166666666667,1.3854166666666667,209.2435833333333,1.2708333333333333,0.28125,0.020833333333333332,96,0.0,0.0,0.0,0.0,0.0,0.0,0
account.0d8ddb89309549ada838a6e1f88cc6fd,82,0.20502092050209206,0.7364016736401674,136.69236569037656,0.8786610878661087,0.2928870292887029,0.04602510460251046,239,0.0,0.0,0.0,0.0,0.0,0.0,0
account.0b8cc282860d4b78b0e29ae7681e5e98,90,0.4296875,1.515625,247.16597421875,1.4453125,0.4921875,0.0234375,128,0.0,0.0,0.0,0.0,0.0,0.0,0
account.94d5907670ca44c583b433852bb977ae,93,0.7692307692307693,1.6153846153846154,258.6299769230769,1.4615384615384615,0.07692307692307693,0.0,13,0.0,0.0,0.0,0.0,0.0,0.0,0
account.6805a36e11b045eaa696487b5fbd76c1,68,0.20754716981132076,0.8679245283018868,131.60634150943395,0.8113207547169812,0.37735849056603776,0.018867924528301886,53,0.0,0.0,0.0,0.0,0.0,0.0,0
account.fa828f67f34a4f8c921e6dd451e21116,161,0.23529411764705882,0.4577205882352941,91.22172389705882,0.4485294117647059,0.25919117647058826,0.01838235294117647,544,0.0,0.0,0.0,0.0,0.0,0.0,0
account.20f88596d203406da2e2891760000a33,74,0.3459715639810427,1.5071090047393365,250.18135426540283,1.9241706161137442,0.17061611374407584,0.03317535545023697,211,0.0,0.0,0.0,0.0,0.0,0.0,0
account.e6ba881a430d407e8ccb6107dc520370,433,0.4140625,1.3125,244.7817265625,1.328125,0.5390625,0.0703125,128,0.0,0.0,0.0,0.0,0.0,0.0,0
account.d55727d6581f4544989c4dd6d5369734,157,0.2824956672443674,0.7504332755632582,131.53779584055462,0.8058925476603119,0.2027729636048527,0.03466204506065858,577,0.10526315789473684,0.3157894736842105,76.93604210526316,0.3157894736842105,0.0,0.013157894736842105,76
account.b8cf2e8cb9da498da91361e1122156da,108,0.0,0.0,0.0,0.0,0.0,0.0,0,0.0,0.0,0.0,0.0,0.0,0.0,0
account.3c132fe626f14ca98c98e2405d8159b6,254,0.16506410256410256,1.0592948717948718,198.1184628205128,1.2243589743589745,0.25961538461538464,0.016025641025641024,624,0.0,0.0,0.0,0.0,0.0,0.0,0
account.0e2daf3c70ea4c3c8ebb9c9bc706be36,192,0.42857142857142855,0.4489795918367347,77.25714734693878,0.4897959183673469,0.2857142857142857,0.10204081632653061,49,0.0,0.0,0.0,0.0,0.0,0.0,0
account.edf997fa86b14236857d342f1c447bba,78,0.39215686274509803,1.0392156862745099,126.95441764705883,0.8431372549019608,0.2549019607843137,0.0784313725490196,51,0.0,0.0,0.0,0.0,0.0,0.0,0
account.c54a560954fa4c889daf19a55d314cdd,151,0.2804878048780488,0.9512195121951219,157.7904780487805,0.926829268292683,0.32926829268292684,0.04878048780487805,82,0.5,0.9444444444444444,131.3040611111111,0.5555555555555556,0.0,0.0,18
account.97f723ae94cb4ff1b3db19706112d564,92,0.29357798165137616,0.7431192660550459,104.59556880733946,0.6880733944954128,0.41284403669724773,0.08256880733944955,109,0.0,0.0,0.0,0.0,0.0,0.0,0
account.07138099d01c4f9e8df14f1c67ca5e6c,42,0.3125,1.875,278.865395,1.9375,0.25,0.10416666666666667,48,0.0,0.0,0.0,0.0,0.0,0.0,0
account.a68656af6eff4a768214bdbf74e3f459,179,0.2542372881355932,1.0,155.80744694915256,0.8305084745762712,0.3220338983050847,0.03389830508474576,59,0.2,0.9,175.50541,0.8,0.0,0.0,10
account.1fe7017583344a939955f3d4da898dfe,136,0.3902439024390244,1.5447154471544715,226.14616951219512,1.7560975609756098,0.37398373983739835,0.04065040650406504,123,0.0,0.0,0.0,0.0,0.0,0.0,0
account.84f9432e4e1142fbbf20ce04d67ca7d7,305,0.24096385542168675,1.108433734939759,164.51092409638554,1.2048192771084338,0.1927710843373494,0.012048192771084338,83,0.12538226299694188,0.327217125382263,77.148425382263,0.2324159021406728,0.0,0.021406727828746176,327
account.fd46112a396f4f75b7feb340b5b1baf7,250,0.11046511627906977,1.441860465116279,217.2337,1.0465116279069768,0.029069767441860465,0.0,172,0.0,0.0,0.0,0.0,0.0,0.0,0
account.001e4cf94c9a4743a7df86103fcd8d5c,191,0.358974358974359,0.6153846153846154,111.69038307692307,0.6153846153846154,0.46153846153846156,0.05128205128205128,39,0.0,0.0,0.0,0.0,0.0,0.0,0
account.9b633935843540f895c63dde2dbfd937,69,0.42857142857142855,0.9428571428571428,167.88485,1.0142857142857142,0.18571428571428572,0.04285714285714286,70,0.0,0.0,0.0,0.0,0.0,0.0,0
account.46a2f708dd374476b6ce666291fb3f93,161,0.28169014084507044,1.1408450704225352,145.06574436619718,1.0140845070422535,0.4647887323943662,0.028169014084507043,71,0.0,0.0,0.0,0.0,0.0,0.0,0
account.e3062436849b4f8aa32c008a3582793c,114,0.29411764705882354,0.9215686274509803,158.44706921568627,0.8529411764705882,0.30392156862745096,0.0196078431372549,102,0.0,0.0,0.0,0.0,0.0,0.0,0
account.dcc8d47b38074a5db3e15e82d1c6a8f3,65,0.28888888888888886,0.7111111111111111,128.4652137777778,0.6666666666666666,0.26666666666666666,0.044444444444444446,45,0.0,0.0,0.0,0.0,0.0,0.0,0
account.3deabe49cfde400d840257ac98edcc52,89,0.29411764705882354,1.196078431372549,154.2698294117647,0.8823529411764706,0.6862745098039216,0.0392156862745098,51,0.0,0.0,0.0,0.0,0.0,0.0,0
account.f4dc5c7f6ad143609744e922230b12cf,376,0.26522961574507964,0.8734770384254921,151.85482689784445,0.8978444236176195,0.2624179943767573,0.02999062792877226,1067,0.07142857142857142,0.4523809523809524,80.22942380952381,0.2857142857142857,0.0,0.011904761904761904,84
account.c1c46d7eee224d59ba0845d3327a7676,61,0.26881720430107525,0.9139784946236559,129.55584946236556,0.7741935483870968,0.44086021505376344,0.021505376344086023,93,0.0,0.0,0.0,0.0,0.0,0.0,0
account.cfe6368c2178484ca431435a41210cdf,200,0.20389805097451275,0.7931034482758621,150.23693358320838,0.8515742128935532,0.24587706146926536,0.025487256371814093,667,0.0,0.0,0.0,0.0,0.0,0.0,0
account.c912426bae3c422ab3e040c1012febf6,146,0.24907063197026022,0.758364312267658,136.00670483271378,0.8066914498141264,0.30111524163568776,0.03345724907063197,269,0.0,0.0,0.0,0.0,0.0,0.0,0
